[debug] [2026-05-01T02:50:39.721Z] ----------------------------------------------------------------------
[debug] [2026-05-01T02:50:39.723Z] Command:       C:\Program Files\nodejs\node.exe C:\Users\Ethan\AppData\Roaming\npm\node_modules\firebase-tools\lib\bin\firebase.js deploy --only functions --project vehicle-market-tracker
[debug] [2026-05-01T02:50:39.723Z] CLI Version:   15.16.0
[debug] [2026-05-01T02:50:39.723Z] Platform:      win32
[debug] [2026-05-01T02:50:39.723Z] Node Version:  v24.13.1
[debug] [2026-05-01T02:50:39.723Z] Time:          Thu Apr 30 2026 20:50:39 GMT-0600 (Mountain Daylight Time)
[debug] [2026-05-01T02:50:39.723Z] ----------------------------------------------------------------------
[debug] 
[debug] [2026-05-01T02:50:40.616Z] > command requires scopes: ["email","openid","https://www.googleapis.com/auth/cloudplatformprojects.readonly","https://www.googleapis.com/auth/firebase","https://www.googleapis.com/auth/cloud-platform"]
[debug] [2026-05-01T02:50:40.617Z] > authorizing via signed-in user (syrup199@gmail.com)
[debug] [2026-05-01T02:50:40.617Z] [iam] checking project vehicle-market-tracker for permissions ["cloudfunctions.functions.create","cloudfunctions.functions.delete","cloudfunctions.functions.get","cloudfunctions.functions.list","cloudfunctions.functions.update","cloudfunctions.operations.get","firebase.projects.get"]
[debug] [2026-05-01T02:50:40.618Z] Checked if tokens are valid: false, expires at: 1777538984022
[debug] [2026-05-01T02:50:40.618Z] Checked if tokens are valid: false, expires at: 1777538984022
[debug] [2026-05-01T02:50:40.618Z] > refreshing access token with scopes: []
[debug] [2026-05-01T02:50:40.619Z] >>> [apiv2][query] POST https://www.googleapis.com/oauth2/v3/token [none]
[debug] [2026-05-01T02:50:40.619Z] >>> [apiv2][body] POST https://www.googleapis.com/oauth2/v3/token [omitted]
[debug] [2026-05-01T02:50:40.737Z] <<< [apiv2][status] POST https://www.googleapis.com/oauth2/v3/token 200
[debug] [2026-05-01T02:50:40.737Z] <<< [apiv2][body] POST https://www.googleapis.com/oauth2/v3/token [omitted]
[debug] [2026-05-01T02:50:40.745Z] >>> [apiv2][query] POST https://cloudresourcemanager.googleapis.com/v1/projects/vehicle-market-tracker:testIamPermissions [none]
[debug] [2026-05-01T02:50:40.745Z] >>> [apiv2][(partial)header] POST https://cloudresourcemanager.googleapis.com/v1/projects/vehicle-market-tracker:testIamPermissions  x-goog-user-project=vehicle-market-tracker
[debug] [2026-05-01T02:50:40.745Z] >>> [apiv2][body] POST https://cloudresourcemanager.googleapis.com/v1/projects/vehicle-market-tracker:testIamPermissions {"permissions":["cloudfunctions.functions.create","cloudfunctions.functions.delete","cloudfunctions.functions.get","cloudfunctions.functions.list","cloudfunctions.functions.update","cloudfunctions.operations.get","firebase.projects.get"]}
[debug] [2026-05-01T02:50:40.862Z] <<< [apiv2][status] POST https://cloudresourcemanager.googleapis.com/v1/projects/vehicle-market-tracker:testIamPermissions 200
[debug] [2026-05-01T02:50:40.862Z] <<< [apiv2][body] POST https://cloudresourcemanager.googleapis.com/v1/projects/vehicle-market-tracker:testIamPermissions {"permissions":["cloudfunctions.functions.create","cloudfunctions.functions.delete","cloudfunctions.functions.get","cloudfunctions.functions.list","cloudfunctions.functions.update","cloudfunctions.operations.get","firebase.projects.get"]}
[debug] [2026-05-01T02:50:40.862Z] Checked if tokens are valid: true, expires at: 1777607439737
[debug] [2026-05-01T02:50:40.863Z] Checked if tokens are valid: true, expires at: 1777607439737
[debug] [2026-05-01T02:50:40.863Z] >>> [apiv2][query] POST https://iam.googleapis.com/v1/projects/vehicle-market-tracker/serviceAccounts/vehicle-market-tracker@appspot.gserviceaccount.com:testIamPermissions [none]
[debug] [2026-05-01T02:50:40.863Z] >>> [apiv2][body] POST https://iam.googleapis.com/v1/projects/vehicle-market-tracker/serviceAccounts/vehicle-market-tracker@appspot.gserviceaccount.com:testIamPermissions {"permissions":["iam.serviceAccounts.actAs"]}
[debug] [2026-05-01T02:50:41.085Z] <<< [apiv2][status] POST https://iam.googleapis.com/v1/projects/vehicle-market-tracker/serviceAccounts/vehicle-market-tracker@appspot.gserviceaccount.com:testIamPermissions 200
[debug] [2026-05-01T02:50:41.085Z] <<< [apiv2][body] POST https://iam.googleapis.com/v1/projects/vehicle-market-tracker/serviceAccounts/vehicle-market-tracker@appspot.gserviceaccount.com:testIamPermissions {"permissions":["iam.serviceAccounts.actAs"]}
[info] 
[info] === Deploying to 'vehicle-market-tracker'...
[info] 
[info] i  deploying functions 
[debug] [2026-05-01T02:50:41.086Z] Checked if tokens are valid: true, expires at: 1777607439737
[debug] [2026-05-01T02:50:41.087Z] Checked if tokens are valid: true, expires at: 1777607439737
[debug] [2026-05-01T02:50:41.087Z] >>> [apiv2][query] GET https://serviceusage.googleapis.com/v1/projects/vehicle-market-tracker/services/cloudresourcemanager.googleapis.com [none]
[debug] [2026-05-01T02:50:41.087Z] >>> [apiv2][(partial)header] GET https://serviceusage.googleapis.com/v1/projects/vehicle-market-tracker/services/cloudresourcemanager.googleapis.com  x-goog-user-project=vehicle-market-tracker
[debug] [2026-05-01T02:50:41.515Z] <<< [apiv2][status] GET https://serviceusage.googleapis.com/v1/projects/vehicle-market-tracker/services/cloudresourcemanager.googleapis.com 200
[debug] [2026-05-01T02:50:41.515Z] <<< [apiv2][body] GET https://serviceusage.googleapis.com/v1/projects/vehicle-market-tracker/services/cloudresourcemanager.googleapis.com [omitted]
[debug] [2026-05-01T02:50:41.525Z] Checked if tokens are valid: true, expires at: 1777607439737
[debug] [2026-05-01T02:50:41.525Z] Checked if tokens are valid: true, expires at: 1777607439737
[debug] [2026-05-01T02:50:41.525Z] >>> [apiv2][query] GET https://cloudresourcemanager.googleapis.com/v1/projects/vehicle-market-tracker [none]
[debug] [2026-05-01T02:50:41.616Z] <<< [apiv2][status] GET https://cloudresourcemanager.googleapis.com/v1/projects/vehicle-market-tracker 200
[debug] [2026-05-01T02:50:41.616Z] <<< [apiv2][body] GET https://cloudresourcemanager.googleapis.com/v1/projects/vehicle-market-tracker {"projectNumber":"211740032292","projectId":"vehicle-market-tracker","lifecycleState":"ACTIVE","name":"vehicle-market-tracker","labels":{"firebase":"enabled","firebase-core":"disabled"},"createTime":"2026-05-01T01:49:18.694Z"}
[info] i  functions: preparing codebase default for deployment 
[info] i  functions: ensuring required API cloudfunctions.googleapis.com is enabled... 
[debug] [2026-05-01T02:50:41.617Z] Checked if tokens are valid: true, expires at: 1777607439737
[debug] [2026-05-01T02:50:41.617Z] Checked if tokens are valid: true, expires at: 1777607439737
[debug] [2026-05-01T02:50:41.617Z] Checked if tokens are valid: true, expires at: 1777607439737
[debug] [2026-05-01T02:50:41.617Z] Checked if tokens are valid: true, expires at: 1777607439737
[info] i  functions: ensuring required API cloudbuild.googleapis.com is enabled... 
[debug] [2026-05-01T02:50:41.617Z] Checked if tokens are valid: true, expires at: 1777607439737
[debug] [2026-05-01T02:50:41.617Z] Checked if tokens are valid: true, expires at: 1777607439737
[info] i  artifactregistry: ensuring required API artifactregistry.googleapis.com is enabled... 
[debug] [2026-05-01T02:50:41.618Z] Checked if tokens are valid: true, expires at: 1777607439737
[debug] [2026-05-01T02:50:41.618Z] Checked if tokens are valid: true, expires at: 1777607439737
[debug] [2026-05-01T02:50:41.618Z] >>> [apiv2][query] GET https://serviceusage.googleapis.com/v1/projects/vehicle-market-tracker/services/cloudfunctions.googleapis.com [none]
[debug] [2026-05-01T02:50:41.618Z] >>> [apiv2][(partial)header] GET https://serviceusage.googleapis.com/v1/projects/vehicle-market-tracker/services/cloudfunctions.googleapis.com  x-goog-user-project=vehicle-market-tracker
[debug] [2026-05-01T02:50:41.618Z] >>> [apiv2][query] GET https://serviceusage.googleapis.com/v1/projects/vehicle-market-tracker/services/runtimeconfig.googleapis.com [none]
[debug] [2026-05-01T02:50:41.618Z] >>> [apiv2][(partial)header] GET https://serviceusage.googleapis.com/v1/projects/vehicle-market-tracker/services/runtimeconfig.googleapis.com  x-goog-user-project=vehicle-market-tracker
[debug] [2026-05-01T02:50:41.619Z] >>> [apiv2][query] GET https://serviceusage.googleapis.com/v1/projects/vehicle-market-tracker/services/cloudbuild.googleapis.com [none]
[debug] [2026-05-01T02:50:41.619Z] >>> [apiv2][(partial)header] GET https://serviceusage.googleapis.com/v1/projects/vehicle-market-tracker/services/cloudbuild.googleapis.com  x-goog-user-project=vehicle-market-tracker
[debug] [2026-05-01T02:50:41.619Z] >>> [apiv2][query] GET https://serviceusage.googleapis.com/v1/projects/vehicle-market-tracker/services/artifactregistry.googleapis.com [none]
[debug] [2026-05-01T02:50:41.619Z] >>> [apiv2][(partial)header] GET https://serviceusage.googleapis.com/v1/projects/vehicle-market-tracker/services/artifactregistry.googleapis.com  x-goog-user-project=vehicle-market-tracker
[debug] [2026-05-01T02:50:41.999Z] <<< [apiv2][status] GET https://serviceusage.googleapis.com/v1/projects/vehicle-market-tracker/services/cloudfunctions.googleapis.com 200
[debug] [2026-05-01T02:50:41.999Z] <<< [apiv2][body] GET https://serviceusage.googleapis.com/v1/projects/vehicle-market-tracker/services/cloudfunctions.googleapis.com [omitted]
[info] +  functions: required API cloudfunctions.googleapis.com is enabled 
[debug] [2026-05-01T02:50:42.098Z] <<< [apiv2][status] GET https://serviceusage.googleapis.com/v1/projects/vehicle-market-tracker/services/cloudbuild.googleapis.com 200
[debug] [2026-05-01T02:50:42.098Z] <<< [apiv2][body] GET https://serviceusage.googleapis.com/v1/projects/vehicle-market-tracker/services/cloudbuild.googleapis.com [omitted]
[info] +  functions: required API cloudbuild.googleapis.com is enabled 
[debug] [2026-05-01T02:50:42.107Z] <<< [apiv2][status] GET https://serviceusage.googleapis.com/v1/projects/vehicle-market-tracker/services/runtimeconfig.googleapis.com 200
[debug] [2026-05-01T02:50:42.107Z] <<< [apiv2][body] GET https://serviceusage.googleapis.com/v1/projects/vehicle-market-tracker/services/runtimeconfig.googleapis.com [omitted]
[debug] [2026-05-01T02:50:42.297Z] <<< [apiv2][status] GET https://serviceusage.googleapis.com/v1/projects/vehicle-market-tracker/services/artifactregistry.googleapis.com 200
[debug] [2026-05-01T02:50:42.297Z] <<< [apiv2][body] GET https://serviceusage.googleapis.com/v1/projects/vehicle-market-tracker/services/artifactregistry.googleapis.com [omitted]
[info] +  artifactregistry: required API artifactregistry.googleapis.com is enabled 
[debug] [2026-05-01T02:50:42.299Z] Checked if tokens are valid: true, expires at: 1777607439737
[debug] [2026-05-01T02:50:42.299Z] Checked if tokens are valid: true, expires at: 1777607439737
[debug] [2026-05-01T02:50:42.299Z] >>> [apiv2][query] GET https://firebase.googleapis.com/v1beta1/projects/vehicle-market-tracker/adminSdkConfig [none]
[debug] [2026-05-01T02:50:42.722Z] <<< [apiv2][status] GET https://firebase.googleapis.com/v1beta1/projects/vehicle-market-tracker/adminSdkConfig 200
[debug] [2026-05-01T02:50:42.722Z] <<< [apiv2][body] GET https://firebase.googleapis.com/v1beta1/projects/vehicle-market-tracker/adminSdkConfig {"projectId":"vehicle-market-tracker","storageBucket":"vehicle-market-tracker.firebasestorage.app"}
[debug] [2026-05-01T02:50:42.722Z] Checked if tokens are valid: true, expires at: 1777607439737
[debug] [2026-05-01T02:50:42.722Z] Checked if tokens are valid: true, expires at: 1777607439737
[debug] [2026-05-01T02:50:42.722Z] >>> [apiv2][query] GET https://runtimeconfig.googleapis.com/v1beta1/projects/vehicle-market-tracker/configs [none]
[debug] [2026-05-01T02:50:43.025Z] <<< [apiv2][status] GET https://runtimeconfig.googleapis.com/v1beta1/projects/vehicle-market-tracker/configs 200
[debug] [2026-05-01T02:50:43.025Z] <<< [apiv2][body] GET https://runtimeconfig.googleapis.com/v1beta1/projects/vehicle-market-tracker/configs {}
[debug] [2026-05-01T02:50:43.025Z] Validating nodejs source
[warn] !  functions: Runtime Node.js 20 was deprecated on 2026-04-30 and will be decommissioned on 2026-10-30, after which you will not be able to deploy without upgrading. Consider upgrading now to avoid disruption. See https://cloud.google.com/functions/docs/runtime-support for full details on the lifecycle policy 
[warn] !  functions: package.json indicates an outdated version of firebase-functions. Please upgrade using npm install --save firebase-functions@latest in your functions directory. 
[warn] !  functions: Please note that there will be breaking changes when you upgrade. 
[debug] [2026-05-01T02:50:43.537Z] > [functions] package.json contents: {
  "name": "vehicle-market-tracker-functions",
  "version": "1.0.0",
  "private": true,
  "main": "lib/index.js",
  "engines": {
    "node": "20"
  },
  "scripts": {
    "build": "tsc",
    "clean": "rimraf lib"
  },
  "dependencies": {
    "@google-cloud/pubsub": "^4.10.0",
    "firebase-admin": "^12.7.0",
    "firebase-functions": "^5.0.1"
  },
  "devDependencies": {
    "@types/node": "^20.14.15",
    "rimraf": "^6.0.1",
    "typescript": "^5.5.4"
  }
}
[debug] [2026-05-01T02:50:43.538Z] Building nodejs source
[info] i  functions: Loading and analyzing source code for codebase default to determine what to deploy 
[debug] [2026-05-01T02:50:43.538Z] Could not find functions.yaml. Must use http discovery
[debug] [2026-05-01T02:50:43.542Z] Found firebase-functions binary at 'C:\Users\Ethan\Documents\School Work\Sophomore - Spring 2026\CSCI391\vehicle-market-tracker\functions\node_modules\.bin\firebase-functions'
[info] Serving at port 8064

[error] (node:31620) [DEP0040] DeprecationWarning: The `punycode` module is deprecated. Please use a userland alternative instead.
(Use `node --trace-deprecation ...` to show where the warning was created)

[debug] [2026-05-01T02:50:44.032Z] Got response from /__/functions.yaml {"endpoints":{"ingestVehicles":{"availableMemoryMb":null,"timeoutSeconds":null,"minInstances":null,"maxInstances":null,"ingressSettings":null,"concurrency":null,"serviceAccountEmail":null,"vpc":null,"platform":"gcfv2","labels":{},"eventTrigger":{"eventType":"google.cloud.pubsub.topic.v1.messagePublished","eventFilters":{"topic":"vehicle-ingest"},"retry":false},"entryPoint":"ingestVehicles"},"ingestPrices":{"availableMemoryMb":null,"timeoutSeconds":null,"minInstances":null,"maxInstances":null,"ingressSettings":null,"concurrency":null,"serviceAccountEmail":null,"vpc":null,"platform":"gcfv2","labels":{},"eventTrigger":{"eventType":"google.cloud.pubsub.topic.v1.messagePublished","eventFilters":{"topic":"price-ingest"},"retry":false},"entryPoint":"ingestPrices"},"computeAnalytics":{"availableMemoryMb":null,"timeoutSeconds":null,"minInstances":null,"maxInstances":null,"ingressSettings":null,"concurrency":null,"serviceAccountEmail":null,"vpc":null,"platform":"gcfv2","labels":{},"eventTrigger":{"eventType":"google.cloud.firestore.document.v1.written","eventFilters":{"database":"(default)","namespace":"(default)"},"eventFilterPathPatterns":{"document":"price_snapshots/{snapshotId}"},"retry":false},"entryPoint":"computeAnalytics"}},"specVersion":"v1alpha1","requiredAPIs":[],"extensions":{}}
[info] i  extensions: ensuring required API firebaseextensions.googleapis.com is enabled... 
[debug] [2026-05-01T02:50:48.056Z] Checked if tokens are valid: true, expires at: 1777607439737
[debug] [2026-05-01T02:50:48.056Z] Checked if tokens are valid: true, expires at: 1777607439737
[debug] [2026-05-01T02:50:48.056Z] >>> [apiv2][query] GET https://serviceusage.googleapis.com/v1/projects/vehicle-market-tracker/services/firebaseextensions.googleapis.com [none]
[debug] [2026-05-01T02:50:48.056Z] >>> [apiv2][(partial)header] GET https://serviceusage.googleapis.com/v1/projects/vehicle-market-tracker/services/firebaseextensions.googleapis.com  x-goog-user-project=vehicle-market-tracker
[debug] [2026-05-01T02:50:48.275Z] <<< [apiv2][status] GET https://serviceusage.googleapis.com/v1/projects/vehicle-market-tracker/services/firebaseextensions.googleapis.com 200
[debug] [2026-05-01T02:50:48.275Z] <<< [apiv2][body] GET https://serviceusage.googleapis.com/v1/projects/vehicle-market-tracker/services/firebaseextensions.googleapis.com [omitted]
[warn] !  extensions: missing required API firebaseextensions.googleapis.com. Enabling now... 
[debug] [2026-05-01T02:50:48.276Z] Checked if tokens are valid: true, expires at: 1777607439737
[debug] [2026-05-01T02:50:48.276Z] Checked if tokens are valid: true, expires at: 1777607439737
[debug] [2026-05-01T02:50:48.276Z] >>> [apiv2][query] POST https://serviceusage.googleapis.com/v1/projects/vehicle-market-tracker/services/firebaseextensions.googleapis.com:enable [none]
[debug] [2026-05-01T02:50:48.276Z] >>> [apiv2][(partial)header] POST https://serviceusage.googleapis.com/v1/projects/vehicle-market-tracker/services/firebaseextensions.googleapis.com:enable  x-goog-user-project=vehicle-market-tracker
[debug] [2026-05-01T02:50:48.620Z] <<< [apiv2][status] POST https://serviceusage.googleapis.com/v1/projects/vehicle-market-tracker/services/firebaseextensions.googleapis.com:enable 200
[debug] [2026-05-01T02:50:48.620Z] <<< [apiv2][body] POST https://serviceusage.googleapis.com/v1/projects/vehicle-market-tracker/services/firebaseextensions.googleapis.com:enable [omitted]
[debug] [2026-05-01T02:50:58.623Z] > command requires scopes: ["email","openid","https://www.googleapis.com/auth/cloudplatformprojects.readonly","https://www.googleapis.com/auth/firebase","https://www.googleapis.com/auth/cloud-platform"]
[debug] [2026-05-01T02:50:58.624Z] > authorizing via signed-in user (syrup199@gmail.com)
[debug] [2026-05-01T02:50:58.624Z] [iam] checking project vehicle-market-tracker for permissions ["firebase.projects.get","firebaseextensions.instances.list"]
[debug] [2026-05-01T02:50:58.624Z] Checked if tokens are valid: true, expires at: 1777607439737
[debug] [2026-05-01T02:50:58.624Z] Checked if tokens are valid: true, expires at: 1777607439737
[debug] [2026-05-01T02:50:58.624Z] >>> [apiv2][query] POST https://cloudresourcemanager.googleapis.com/v1/projects/vehicle-market-tracker:testIamPermissions [none]
[debug] [2026-05-01T02:50:58.624Z] >>> [apiv2][(partial)header] POST https://cloudresourcemanager.googleapis.com/v1/projects/vehicle-market-tracker:testIamPermissions  x-goog-user-project=vehicle-market-tracker
[debug] [2026-05-01T02:50:58.624Z] >>> [apiv2][body] POST https://cloudresourcemanager.googleapis.com/v1/projects/vehicle-market-tracker:testIamPermissions {"permissions":["firebase.projects.get","firebaseextensions.instances.list"]}
[debug] [2026-05-01T02:50:58.820Z] <<< [apiv2][status] POST https://cloudresourcemanager.googleapis.com/v1/projects/vehicle-market-tracker:testIamPermissions 200
[debug] [2026-05-01T02:50:58.820Z] <<< [apiv2][body] POST https://cloudresourcemanager.googleapis.com/v1/projects/vehicle-market-tracker:testIamPermissions {"permissions":["firebase.projects.get","firebaseextensions.instances.list"]}
[debug] [2026-05-01T02:50:58.821Z] Checked if tokens are valid: true, expires at: 1777607439737
[debug] [2026-05-01T02:50:58.821Z] Checked if tokens are valid: true, expires at: 1777607439737
[debug] [2026-05-01T02:50:58.821Z] >>> [apiv2][query] GET https://firebaseextensions.googleapis.com/v1beta/projects/vehicle-market-tracker/instances pageSize=100&pageToken=
[debug] [2026-05-01T02:51:00.791Z] <<< [apiv2][status] GET https://firebaseextensions.googleapis.com/v1beta/projects/vehicle-market-tracker/instances 200
[debug] [2026-05-01T02:51:00.791Z] <<< [apiv2][body] GET https://firebaseextensions.googleapis.com/v1beta/projects/vehicle-market-tracker/instances {}
[info] i  functions: preparing functions directory for uploading... 
[info] i  functions: packaged C:\Users\Ethan\Documents\School Work\Sophomore - Spring 2026\CSCI391\vehicle-market-tracker\functions (42.46 KB) for uploading 
[debug] [2026-05-01T02:51:00.814Z] Checked if tokens are valid: true, expires at: 1777607439737
[debug] [2026-05-01T02:51:00.814Z] Checked if tokens are valid: true, expires at: 1777607439737
[debug] [2026-05-01T02:51:00.814Z] >>> [apiv2][query] GET https://cloudfunctions.googleapis.com/v1/projects/vehicle-market-tracker/locations/-/functions [none]
[debug] [2026-05-01T02:51:01.323Z] <<< [apiv2][status] GET https://cloudfunctions.googleapis.com/v1/projects/vehicle-market-tracker/locations/-/functions 200
[debug] [2026-05-01T02:51:01.323Z] <<< [apiv2][body] GET https://cloudfunctions.googleapis.com/v1/projects/vehicle-market-tracker/locations/-/functions {}
[debug] [2026-05-01T02:51:01.323Z] Checked if tokens are valid: true, expires at: 1777607439737
[debug] [2026-05-01T02:51:01.323Z] Checked if tokens are valid: true, expires at: 1777607439737
[debug] [2026-05-01T02:51:01.323Z] >>> [apiv2][query] GET https://cloudfunctions.googleapis.com/v2/projects/vehicle-market-tracker/locations/-/functions filter=environment%3D%22GEN_2%22
[debug] [2026-05-01T02:51:01.916Z] <<< [apiv2][status] GET https://cloudfunctions.googleapis.com/v2/projects/vehicle-market-tracker/locations/-/functions 200
[debug] [2026-05-01T02:51:01.916Z] <<< [apiv2][body] GET https://cloudfunctions.googleapis.com/v2/projects/vehicle-market-tracker/locations/-/functions {"functions":[{"name":"projects/vehicle-market-tracker/locations/us-central1/functions/ingestVehicles","buildConfig":{"build":"projects/211740032292/locations/us-central1/builds/f0e25a55-4dcd-42f7-bb69-32632c2335cb","runtime":"nodejs20","entryPoint":"ingestVehicles","source":{"storageSource":{"bucket":"gcf-v2-sources-211740032292-us-central1","object":"ingestVehicles/function-source.zip","generation":"1777603756197968"}},"dockerRepository":"projects/vehicle-market-tracker/locations/us-central1/repositories/gcf-artifacts","sourceProvenance":{"resolvedStorageSource":{"bucket":"gcf-v2-sources-211740032292-us-central1","object":"ingestVehicles/function-source.zip","generation":"1777603756197968"}},"dockerRegistry":"ARTIFACT_REGISTRY","serviceAccount":"projects/vehicle-market-tracker/serviceAccounts/211740032292-compute@developer.gserviceaccount.com","automaticUpdatePolicy":{}},"serviceConfig":{"service":"projects/vehicle-market-tracker/locations/us-central1/services/ingestvehicles","timeoutSeconds":60,"environmentVariables":{"GCLOUD_PROJECT":"vehicle-market-tracker","PUBSUB_TOPIC_PRICES":"price-ingest","LOG_EXECUTION_ID":"true"},"ingressSettings":"ALLOW_ALL","uri":"https://ingestvehicles-yh4wiiiluq-uc.a.run.app","serviceAccountEmail":"211740032292-compute@developer.gserviceaccount.com","availableMemory":"256M","allTrafficOnLatestRevision":true,"revision":"ingestvehicles-00001-dul","maxInstanceRequestConcurrency":1,"availableCpu":"0.1666"},"eventTrigger":{"trigger":"projects/vehicle-market-tracker/locations/us-central1/triggers/ingestvehicles-702645","triggerRegion":"us-central1","eventType":"google.cloud.pubsub.topic.v1.messagePublished","pubsubTopic":"projects/vehicle-market-tracker/topics/vehicle-ingest","serviceAccountEmail":"211740032292-compute@developer.gserviceaccount.com","retryPolicy":"RETRY_POLICY_DO_NOT_RETRY"},"state":"ACTIVE","updateTime":"2026-05-01T02:50:48.880433402Z","labels":{"deployment-tool":"cli-gcloud"},"environment":"GEN_2","url":"https://us-central1-vehicle-market-tracker.cloudfunctions.net/ingestVehicles","createTime":"2026-05-01T02:49:17.058833305Z","satisfiesPzi":true}]}
[debug] [2026-05-01T02:51:01.916Z] Converting a function to an endpoint with an invalid memory option 244.140625
[debug] [2026-05-01T02:51:01.917Z] Checked if tokens are valid: true, expires at: 1777607439737
[debug] [2026-05-01T02:51:01.917Z] Checked if tokens are valid: true, expires at: 1777607439737
[debug] [2026-05-01T02:51:01.917Z] >>> [apiv2][query] GET https://firestore.googleapis.com/v1/projects/vehicle-market-tracker/databases/(default) [none]
[debug] [2026-05-01T02:51:02.349Z] <<< [apiv2][status] GET https://firestore.googleapis.com/v1/projects/vehicle-market-tracker/databases/(default) 200
[debug] [2026-05-01T02:51:02.349Z] <<< [apiv2][body] GET https://firestore.googleapis.com/v1/projects/vehicle-market-tracker/databases/(default) {"name":"projects/vehicle-market-tracker/databases/(default)","uid":"f1147808-17a2-4ce1-bbcc-e25081e40b81","createTime":"2026-05-01T02:50:56.926926Z","updateTime":"2026-05-01T02:50:56.926926Z","locationId":"nam5","type":"FIRESTORE_NATIVE","concurrencyMode":"PESSIMISTIC","versionRetentionPeriod":"3600s","earliestVersionTime":"2026-05-01T02:50:56.926926Z","appEngineIntegrationMode":"DISABLED","keyPrefix":"s","pointInTimeRecoveryEnablement":"POINT_IN_TIME_RECOVERY_DISABLED","deleteProtectionState":"DELETE_PROTECTION_DISABLED","databaseEdition":"STANDARD","freeTier":true,"realtimeUpdatesMode":"REALTIME_UPDATES_MODE_ENABLED","etag":"IMvYm7aKl5QDMIvP+rWKl5QD"}
[info] i  functions: ensuring required API run.googleapis.com is enabled... 
[debug] [2026-05-01T02:51:02.351Z] Checked if tokens are valid: true, expires at: 1777607439737
[debug] [2026-05-01T02:51:02.351Z] Checked if tokens are valid: true, expires at: 1777607439737
[info] i  functions: ensuring required API eventarc.googleapis.com is enabled... 
[debug] [2026-05-01T02:51:02.351Z] Checked if tokens are valid: true, expires at: 1777607439737
[debug] [2026-05-01T02:51:02.351Z] Checked if tokens are valid: true, expires at: 1777607439737
[info] i  functions: ensuring required API pubsub.googleapis.com is enabled... 
[debug] [2026-05-01T02:51:02.351Z] Checked if tokens are valid: true, expires at: 1777607439737
[debug] [2026-05-01T02:51:02.351Z] Checked if tokens are valid: true, expires at: 1777607439737
[info] i  functions: ensuring required API storage.googleapis.com is enabled... 
[debug] [2026-05-01T02:51:02.351Z] Checked if tokens are valid: true, expires at: 1777607439737
[debug] [2026-05-01T02:51:02.351Z] Checked if tokens are valid: true, expires at: 1777607439737
[debug] [2026-05-01T02:51:02.351Z] >>> [apiv2][query] GET https://serviceusage.googleapis.com/v1/projects/211740032292/services/run.googleapis.com [none]
[debug] [2026-05-01T02:51:02.351Z] >>> [apiv2][(partial)header] GET https://serviceusage.googleapis.com/v1/projects/211740032292/services/run.googleapis.com  x-goog-user-project=211740032292
[debug] [2026-05-01T02:51:02.352Z] >>> [apiv2][query] GET https://serviceusage.googleapis.com/v1/projects/211740032292/services/eventarc.googleapis.com [none]
[debug] [2026-05-01T02:51:02.352Z] >>> [apiv2][(partial)header] GET https://serviceusage.googleapis.com/v1/projects/211740032292/services/eventarc.googleapis.com  x-goog-user-project=211740032292
[debug] [2026-05-01T02:51:02.353Z] >>> [apiv2][query] GET https://serviceusage.googleapis.com/v1/projects/211740032292/services/pubsub.googleapis.com [none]
[debug] [2026-05-01T02:51:02.353Z] >>> [apiv2][(partial)header] GET https://serviceusage.googleapis.com/v1/projects/211740032292/services/pubsub.googleapis.com  x-goog-user-project=211740032292
[debug] [2026-05-01T02:51:02.353Z] >>> [apiv2][query] GET https://serviceusage.googleapis.com/v1/projects/211740032292/services/storage.googleapis.com [none]
[debug] [2026-05-01T02:51:02.353Z] >>> [apiv2][(partial)header] GET https://serviceusage.googleapis.com/v1/projects/211740032292/services/storage.googleapis.com  x-goog-user-project=211740032292
[debug] [2026-05-01T02:51:02.572Z] <<< [apiv2][status] GET https://serviceusage.googleapis.com/v1/projects/211740032292/services/storage.googleapis.com 200
[debug] [2026-05-01T02:51:02.572Z] <<< [apiv2][body] GET https://serviceusage.googleapis.com/v1/projects/211740032292/services/storage.googleapis.com [omitted]
[info] +  functions: required API storage.googleapis.com is enabled 
[debug] [2026-05-01T02:51:02.606Z] <<< [apiv2][status] GET https://serviceusage.googleapis.com/v1/projects/211740032292/services/pubsub.googleapis.com 200
[debug] [2026-05-01T02:51:02.606Z] <<< [apiv2][body] GET https://serviceusage.googleapis.com/v1/projects/211740032292/services/pubsub.googleapis.com [omitted]
[info] +  functions: required API pubsub.googleapis.com is enabled 
[debug] [2026-05-01T02:51:02.622Z] <<< [apiv2][status] GET https://serviceusage.googleapis.com/v1/projects/211740032292/services/run.googleapis.com 200
[debug] [2026-05-01T02:51:02.623Z] <<< [apiv2][body] GET https://serviceusage.googleapis.com/v1/projects/211740032292/services/run.googleapis.com [omitted]
[info] +  functions: required API run.googleapis.com is enabled 
[debug] [2026-05-01T02:51:02.856Z] <<< [apiv2][status] GET https://serviceusage.googleapis.com/v1/projects/211740032292/services/eventarc.googleapis.com 200
[debug] [2026-05-01T02:51:02.856Z] <<< [apiv2][body] GET https://serviceusage.googleapis.com/v1/projects/211740032292/services/eventarc.googleapis.com [omitted]
[info] +  functions: required API eventarc.googleapis.com is enabled 
[info] i  functions: generating the service identity for pubsub.googleapis.com... 
[debug] [2026-05-01T02:51:02.858Z] Checked if tokens are valid: true, expires at: 1777607439737
[debug] [2026-05-01T02:51:02.858Z] Checked if tokens are valid: true, expires at: 1777607439737
[info] i  functions: generating the service identity for eventarc.googleapis.com... 
[debug] [2026-05-01T02:51:02.859Z] Checked if tokens are valid: true, expires at: 1777607439737
[debug] [2026-05-01T02:51:02.859Z] Checked if tokens are valid: true, expires at: 1777607439737
[debug] [2026-05-01T02:51:02.859Z] >>> [apiv2][query] POST https://serviceusage.googleapis.com/v1beta1/projects/211740032292/services/pubsub.googleapis.com:generateServiceIdentity [none]
[debug] [2026-05-01T02:51:02.859Z] >>> [apiv2][(partial)header] POST https://serviceusage.googleapis.com/v1beta1/projects/211740032292/services/pubsub.googleapis.com:generateServiceIdentity  x-goog-user-project=211740032292
[debug] [2026-05-01T02:51:02.859Z] >>> [apiv2][body] POST https://serviceusage.googleapis.com/v1beta1/projects/211740032292/services/pubsub.googleapis.com:generateServiceIdentity {}
[debug] [2026-05-01T02:51:02.859Z] >>> [apiv2][query] POST https://serviceusage.googleapis.com/v1beta1/projects/211740032292/services/eventarc.googleapis.com:generateServiceIdentity [none]
[debug] [2026-05-01T02:51:02.859Z] >>> [apiv2][(partial)header] POST https://serviceusage.googleapis.com/v1beta1/projects/211740032292/services/eventarc.googleapis.com:generateServiceIdentity  x-goog-user-project=211740032292
[debug] [2026-05-01T02:51:02.859Z] >>> [apiv2][body] POST https://serviceusage.googleapis.com/v1beta1/projects/211740032292/services/eventarc.googleapis.com:generateServiceIdentity {}
[debug] [2026-05-01T02:51:03.107Z] <<< [apiv2][status] POST https://serviceusage.googleapis.com/v1beta1/projects/211740032292/services/eventarc.googleapis.com:generateServiceIdentity 200
[debug] [2026-05-01T02:51:03.107Z] <<< [apiv2][body] POST https://serviceusage.googleapis.com/v1beta1/projects/211740032292/services/eventarc.googleapis.com:generateServiceIdentity {"name":"operations/finished.DONE_OPERATION","done":true,"response":{"@type":"type.googleapis.com/google.api.serviceusage.v1beta1.ServiceIdentity","email":"service-211740032292@gcp-sa-eventarc.iam.gserviceaccount.com","uniqueId":"109568909923211145140"}}
[debug] [2026-05-01T02:51:03.131Z] <<< [apiv2][status] POST https://serviceusage.googleapis.com/v1beta1/projects/211740032292/services/pubsub.googleapis.com:generateServiceIdentity 200
[debug] [2026-05-01T02:51:03.131Z] <<< [apiv2][body] POST https://serviceusage.googleapis.com/v1beta1/projects/211740032292/services/pubsub.googleapis.com:generateServiceIdentity {"name":"operations/finished.DONE_OPERATION","done":true,"response":{"@type":"type.googleapis.com/google.api.serviceusage.v1beta1.ServiceIdentity","email":"service-211740032292@gcp-sa-pubsub.iam.gserviceaccount.com","uniqueId":"109335034319695697271"}}
[debug] [2026-05-01T02:51:03.132Z] Checked if tokens are valid: true, expires at: 1777607439737
[debug] [2026-05-01T02:51:03.132Z] Checked if tokens are valid: true, expires at: 1777607439737
[debug] [2026-05-01T02:51:03.132Z] >>> [apiv2][query] GET https://cloudresourcemanager.googleapis.com/v1/projects/vehicle-market-tracker [none]
[debug] [2026-05-01T02:51:03.249Z] <<< [apiv2][status] GET https://cloudresourcemanager.googleapis.com/v1/projects/vehicle-market-tracker 200
[debug] [2026-05-01T02:51:03.249Z] <<< [apiv2][body] GET https://cloudresourcemanager.googleapis.com/v1/projects/vehicle-market-tracker {"projectNumber":"211740032292","projectId":"vehicle-market-tracker","lifecycleState":"ACTIVE","name":"vehicle-market-tracker","labels":{"firebase":"enabled","firebase-core":"disabled"},"createTime":"2026-05-01T01:49:18.694Z"}
[debug] [2026-05-01T02:51:03.249Z] Checked if tokens are valid: true, expires at: 1777607439737
[debug] [2026-05-01T02:51:03.249Z] Checked if tokens are valid: true, expires at: 1777607439737
[debug] [2026-05-01T02:51:03.249Z] >>> [apiv2][query] GET https://compute.googleapis.com/compute/v1/projects/211740032292 [none]
[debug] [2026-05-01T02:51:03.445Z] <<< [apiv2][status] GET https://compute.googleapis.com/compute/v1/projects/211740032292 403
[debug] [2026-05-01T02:51:03.445Z] <<< [apiv2][body] GET https://compute.googleapis.com/compute/v1/projects/211740032292 {"error":{"code":403,"message":"Compute Engine API has not been used in project 211740032292 before or it is disabled. Enable it by visiting https://console.developers.google.com/apis/api/compute.googleapis.com/overview?project=211740032292 then retry. If you enabled this API recently, wait a few minutes for the action to propagate to our systems and retry.","errors":[{"message":"Compute Engine API has not been used in project 211740032292 before or it is disabled. Enable it by visiting https://console.developers.google.com/apis/api/compute.googleapis.com/overview?project=211740032292 then retry. If you enabled this API recently, wait a few minutes for the action to propagate to our systems and retry.","domain":"usageLimits","reason":"accessNotConfigured","extendedHelp":"https://console.developers.google.com"}],"status":"PERMISSION_DENIED","details":[{"@type":"type.googleapis.com/google.rpc.ErrorInfo","reason":"SERVICE_DISABLED","domain":"googleapis.com","metadata":{"containerInfo":"211740032292","consumer":"projects/211740032292","serviceTitle":"Compute Engine API","service":"compute.googleapis.com","activationUrl":"https://console.developers.google.com/apis/api/compute.googleapis.com/overview?project=211740032292"}},{"@type":"type.googleapis.com/google.rpc.LocalizedMessage","locale":"en-US","message":"Compute Engine API has not been used in project 211740032292 before or it is disabled. Enable it by visiting https://console.developers.google.com/apis/api/compute.googleapis.com/overview?project=211740032292 then retry. If you enabled this API recently, wait a few minutes for the action to propagate to our systems and retry."},{"@type":"type.googleapis.com/google.rpc.Help","links":[{"description":"Google developers console API activation","url":"https://console.developers.google.com/apis/api/compute.googleapis.com/overview?project=211740032292"}]}]}}
[debug] [2026-05-01T02:51:03.445Z] unable to look up default compute service account. Falling back to 211740032292-compute@developer.gserviceaccount.com. Error: {"name":"FirebaseError","children":[],"context":{"body":{"error":{"code":403,"message":"Compute Engine API has not been used in project 211740032292 before or it is disabled. Enable it by visiting https://console.developers.google.com/apis/api/compute.googleapis.com/overview?project=211740032292 then retry. If you enabled this API recently, wait a few minutes for the action to propagate to our systems and retry.","errors":[{"message":"Compute Engine API has not been used in project 211740032292 before or it is disabled. Enable it by visiting https://console.developers.google.com/apis/api/compute.googleapis.com/overview?project=211740032292 then retry. If you enabled this API recently, wait a few minutes for the action to propagate to our systems and retry.","domain":"usageLimits","reason":"accessNotConfigured","extendedHelp":"https://console.developers.google.com"}],"status":"PERMISSION_DENIED","details":[{"@type":"type.googleapis.com/google.rpc.ErrorInfo","reason":"SERVICE_DISABLED","domain":"googleapis.com","metadata":{"containerInfo":"211740032292","consumer":"projects/211740032292","serviceTitle":"Compute Engine API","service":"compute.googleapis.com","activationUrl":"https://console.developers.google.com/apis/api/compute.googleapis.com/overview?project=211740032292"}},{"@type":"type.googleapis.com/google.rpc.LocalizedMessage","locale":"en-US","message":"Compute Engine API has not been used in project 211740032292 before or it is disabled. Enable it by visiting https://console.developers.google.com/apis/api/compute.googleapis.com/overview?project=211740032292 then retry. If you enabled this API recently, wait a few minutes for the action to propagate to our systems and retry."},{"@type":"type.googleapis.com/google.rpc.Help","links":[{"description":"Google developers console API activation","url":"https://console.developers.google.com/apis/api/compute.googleapis.com/overview?project=211740032292"}]}]}},"response":{"statusCode":403}},"exit":1,"message":"Request to https://compute.googleapis.com/compute/v1/projects/211740032292 had HTTP Error: 403, Compute Engine API has not been used in project 211740032292 before or it is disabled. Enable it by visiting https://console.developers.google.com/apis/api/compute.googleapis.com/overview?project=211740032292 then retry. If you enabled this API recently, wait a few minutes for the action to propagate to our systems and retry.","status":403}
[debug] [2026-05-01T02:51:03.445Z] Checked if tokens are valid: true, expires at: 1777607439737
[debug] [2026-05-01T02:51:03.445Z] Checked if tokens are valid: true, expires at: 1777607439737
[debug] [2026-05-01T02:51:03.445Z] >>> [apiv2][query] GET https://compute.googleapis.com/compute/v1/projects/211740032292 [none]
[debug] [2026-05-01T02:51:03.540Z] <<< [apiv2][status] GET https://compute.googleapis.com/compute/v1/projects/211740032292 403
[debug] [2026-05-01T02:51:03.540Z] <<< [apiv2][body] GET https://compute.googleapis.com/compute/v1/projects/211740032292 {"error":{"code":403,"message":"Compute Engine API has not been used in project 211740032292 before or it is disabled. Enable it by visiting https://console.developers.google.com/apis/api/compute.googleapis.com/overview?project=211740032292 then retry. If you enabled this API recently, wait a few minutes for the action to propagate to our systems and retry.","errors":[{"message":"Compute Engine API has not been used in project 211740032292 before or it is disabled. Enable it by visiting https://console.developers.google.com/apis/api/compute.googleapis.com/overview?project=211740032292 then retry. If you enabled this API recently, wait a few minutes for the action to propagate to our systems and retry.","domain":"usageLimits","reason":"accessNotConfigured","extendedHelp":"https://console.developers.google.com"}],"status":"PERMISSION_DENIED","details":[{"@type":"type.googleapis.com/google.rpc.ErrorInfo","reason":"SERVICE_DISABLED","domain":"googleapis.com","metadata":{"service":"compute.googleapis.com","activationUrl":"https://console.developers.google.com/apis/api/compute.googleapis.com/overview?project=211740032292","consumer":"projects/211740032292","serviceTitle":"Compute Engine API","containerInfo":"211740032292"}},{"@type":"type.googleapis.com/google.rpc.LocalizedMessage","locale":"en-US","message":"Compute Engine API has not been used in project 211740032292 before or it is disabled. Enable it by visiting https://console.developers.google.com/apis/api/compute.googleapis.com/overview?project=211740032292 then retry. If you enabled this API recently, wait a few minutes for the action to propagate to our systems and retry."},{"@type":"type.googleapis.com/google.rpc.Help","links":[{"description":"Google developers console API activation","url":"https://console.developers.google.com/apis/api/compute.googleapis.com/overview?project=211740032292"}]}]}}
[debug] [2026-05-01T02:51:03.540Z] unable to look up default compute service account. Falling back to 211740032292-compute@developer.gserviceaccount.com. Error: {"name":"FirebaseError","children":[],"context":{"body":{"error":{"code":403,"message":"Compute Engine API has not been used in project 211740032292 before or it is disabled. Enable it by visiting https://console.developers.google.com/apis/api/compute.googleapis.com/overview?project=211740032292 then retry. If you enabled this API recently, wait a few minutes for the action to propagate to our systems and retry.","errors":[{"message":"Compute Engine API has not been used in project 211740032292 before or it is disabled. Enable it by visiting https://console.developers.google.com/apis/api/compute.googleapis.com/overview?project=211740032292 then retry. If you enabled this API recently, wait a few minutes for the action to propagate to our systems and retry.","domain":"usageLimits","reason":"accessNotConfigured","extendedHelp":"https://console.developers.google.com"}],"status":"PERMISSION_DENIED","details":[{"@type":"type.googleapis.com/google.rpc.ErrorInfo","reason":"SERVICE_DISABLED","domain":"googleapis.com","metadata":{"service":"compute.googleapis.com","activationUrl":"https://console.developers.google.com/apis/api/compute.googleapis.com/overview?project=211740032292","consumer":"projects/211740032292","serviceTitle":"Compute Engine API","containerInfo":"211740032292"}},{"@type":"type.googleapis.com/google.rpc.LocalizedMessage","locale":"en-US","message":"Compute Engine API has not been used in project 211740032292 before or it is disabled. Enable it by visiting https://console.developers.google.com/apis/api/compute.googleapis.com/overview?project=211740032292 then retry. If you enabled this API recently, wait a few minutes for the action to propagate to our systems and retry."},{"@type":"type.googleapis.com/google.rpc.Help","links":[{"description":"Google developers console API activation","url":"https://console.developers.google.com/apis/api/compute.googleapis.com/overview?project=211740032292"}]}]}},"response":{"statusCode":403}},"exit":1,"message":"Request to https://compute.googleapis.com/compute/v1/projects/211740032292 had HTTP Error: 403, Compute Engine API has not been used in project 211740032292 before or it is disabled. Enable it by visiting https://console.developers.google.com/apis/api/compute.googleapis.com/overview?project=211740032292 then retry. If you enabled this API recently, wait a few minutes for the action to propagate to our systems and retry.","status":403}
[debug] [2026-05-01T02:51:03.540Z] Checked if tokens are valid: true, expires at: 1777607439737
[debug] [2026-05-01T02:51:03.540Z] Checked if tokens are valid: true, expires at: 1777607439737
[debug] [2026-05-01T02:51:03.540Z] >>> [apiv2][query] GET https://compute.googleapis.com/compute/v1/projects/211740032292 [none]
[debug] [2026-05-01T02:51:03.664Z] <<< [apiv2][status] GET https://compute.googleapis.com/compute/v1/projects/211740032292 403
[debug] [2026-05-01T02:51:03.664Z] <<< [apiv2][body] GET https://compute.googleapis.com/compute/v1/projects/211740032292 {"error":{"code":403,"message":"Compute Engine API has not been used in project 211740032292 before or it is disabled. Enable it by visiting https://console.developers.google.com/apis/api/compute.googleapis.com/overview?project=211740032292 then retry. If you enabled this API recently, wait a few minutes for the action to propagate to our systems and retry.","errors":[{"message":"Compute Engine API has not been used in project 211740032292 before or it is disabled. Enable it by visiting https://console.developers.google.com/apis/api/compute.googleapis.com/overview?project=211740032292 then retry. If you enabled this API recently, wait a few minutes for the action to propagate to our systems and retry.","domain":"usageLimits","reason":"accessNotConfigured","extendedHelp":"https://console.developers.google.com"}],"status":"PERMISSION_DENIED","details":[{"@type":"type.googleapis.com/google.rpc.ErrorInfo","reason":"SERVICE_DISABLED","domain":"googleapis.com","metadata":{"service":"compute.googleapis.com","activationUrl":"https://console.developers.google.com/apis/api/compute.googleapis.com/overview?project=211740032292","consumer":"projects/211740032292","serviceTitle":"Compute Engine API","containerInfo":"211740032292"}},{"@type":"type.googleapis.com/google.rpc.LocalizedMessage","locale":"en-US","message":"Compute Engine API has not been used in project 211740032292 before or it is disabled. Enable it by visiting https://console.developers.google.com/apis/api/compute.googleapis.com/overview?project=211740032292 then retry. If you enabled this API recently, wait a few minutes for the action to propagate to our systems and retry."},{"@type":"type.googleapis.com/google.rpc.Help","links":[{"description":"Google developers console API activation","url":"https://console.developers.google.com/apis/api/compute.googleapis.com/overview?project=211740032292"}]}]}}
[debug] [2026-05-01T02:51:03.664Z] unable to look up default compute service account. Falling back to 211740032292-compute@developer.gserviceaccount.com. Error: {"name":"FirebaseError","children":[],"context":{"body":{"error":{"code":403,"message":"Compute Engine API has not been used in project 211740032292 before or it is disabled. Enable it by visiting https://console.developers.google.com/apis/api/compute.googleapis.com/overview?project=211740032292 then retry. If you enabled this API recently, wait a few minutes for the action to propagate to our systems and retry.","errors":[{"message":"Compute Engine API has not been used in project 211740032292 before or it is disabled. Enable it by visiting https://console.developers.google.com/apis/api/compute.googleapis.com/overview?project=211740032292 then retry. If you enabled this API recently, wait a few minutes for the action to propagate to our systems and retry.","domain":"usageLimits","reason":"accessNotConfigured","extendedHelp":"https://console.developers.google.com"}],"status":"PERMISSION_DENIED","details":[{"@type":"type.googleapis.com/google.rpc.ErrorInfo","reason":"SERVICE_DISABLED","domain":"googleapis.com","metadata":{"service":"compute.googleapis.com","activationUrl":"https://console.developers.google.com/apis/api/compute.googleapis.com/overview?project=211740032292","consumer":"projects/211740032292","serviceTitle":"Compute Engine API","containerInfo":"211740032292"}},{"@type":"type.googleapis.com/google.rpc.LocalizedMessage","locale":"en-US","message":"Compute Engine API has not been used in project 211740032292 before or it is disabled. Enable it by visiting https://console.developers.google.com/apis/api/compute.googleapis.com/overview?project=211740032292 then retry. If you enabled this API recently, wait a few minutes for the action to propagate to our systems and retry."},{"@type":"type.googleapis.com/google.rpc.Help","links":[{"description":"Google developers console API activation","url":"https://console.developers.google.com/apis/api/compute.googleapis.com/overview?project=211740032292"}]}]}},"response":{"statusCode":403}},"exit":1,"message":"Request to https://compute.googleapis.com/compute/v1/projects/211740032292 had HTTP Error: 403, Compute Engine API has not been used in project 211740032292 before or it is disabled. Enable it by visiting https://console.developers.google.com/apis/api/compute.googleapis.com/overview?project=211740032292 then retry. If you enabled this API recently, wait a few minutes for the action to propagate to our systems and retry.","status":403}
[debug] [2026-05-01T02:51:03.665Z] Checked if tokens are valid: true, expires at: 1777607439737
[debug] [2026-05-01T02:51:03.665Z] Checked if tokens are valid: true, expires at: 1777607439737
[debug] [2026-05-01T02:51:03.665Z] >>> [apiv2][query] GET https://cloudbilling.googleapis.com/v1/projects/vehicle-market-tracker/billingInfo [none]
[debug] [2026-05-01T02:51:04.004Z] <<< [apiv2][status] GET https://cloudbilling.googleapis.com/v1/projects/vehicle-market-tracker/billingInfo 200
[debug] [2026-05-01T02:51:04.004Z] <<< [apiv2][body] GET https://cloudbilling.googleapis.com/v1/projects/vehicle-market-tracker/billingInfo {"name":"projects/vehicle-market-tracker/billingInfo","projectId":"vehicle-market-tracker","billingAccountName":"billingAccounts/016DB8-94B7B8-5D5678","billingEnabled":true}
[debug] [2026-05-01T02:51:04.005Z] Checked if tokens are valid: true, expires at: 1777607439737
[debug] [2026-05-01T02:51:04.005Z] Checked if tokens are valid: true, expires at: 1777607439737
[debug] [2026-05-01T02:51:04.005Z] >>> [apiv2][query] POST https://cloudfunctions.googleapis.com/v2/projects/vehicle-market-tracker/locations/us-central1/functions:generateUploadUrl [none]
[debug] [2026-05-01T02:51:04.341Z] <<< [apiv2][status] POST https://cloudfunctions.googleapis.com/v2/projects/vehicle-market-tracker/locations/us-central1/functions:generateUploadUrl 200
[debug] [2026-05-01T02:51:04.341Z] <<< [apiv2][body] POST https://cloudfunctions.googleapis.com/v2/projects/vehicle-market-tracker/locations/us-central1/functions:generateUploadUrl {"uploadUrl":"https://storage.googleapis.com/gcf-v2-uploads-211740032292.us-central1.cloudfunctions.appspot.com/f58b13c6-bb2e-45d2-9883-d688f995fa87.zip?GoogleAccessId=service-211740032292@gcf-admin-robot.iam.gserviceaccount.com&Expires=1777605664&Signature=rM0BQgUybjxZ9wcvK3StApyhb0xFE1W1%2FfOzQYya%2BlMiTm4goF9BxeLUZY7fJC1YXW01B5lOH2JkmIY2KfnKpd49aEpLqe9P8zW%2FDhbCQuHthE%2BnrKxKIfvRraYofr0Jw6tp7ex1vFRi1GAcl6bhDQ64eMiqJHQwKfZ0rlaUEjJfYXbAWIPw18Gc%2BdvEcvJTDzh9N7aARNb56ISMLb6wxRNHatRgzep6tu4jDPa1WcRVkf5tMOkSYXd0VSrM6w8MpVsTGEQiitkBvOUo4Qf93korNDriOvVXApqiqyGYb4sgmNOE3TsQULXH2dytM%2B4j0KKoJO%2FnnH7vJmBg1oUu1w%3D%3D","storageSource":{"bucket":"gcf-v2-uploads-211740032292.us-central1.cloudfunctions.appspot.com","object":"f58b13c6-bb2e-45d2-9883-d688f995fa87.zip"}}
[debug] [2026-05-01T02:51:04.341Z] >>> [apiv2][query] PUT https://storage.googleapis.com/gcf-v2-uploads-211740032292.us-central1.cloudfunctions.appspot.com/f58b13c6-bb2e-45d2-9883-d688f995fa87.zip GoogleAccessId=service-211740032292%40gcf-admin-robot.iam.gserviceaccount.com&Expires=1777605664&Signature=rM0BQgUybjxZ9wcvK3StApyhb0xFE1W1%2FfOzQYya%2BlMiTm4goF9BxeLUZY7fJC1YXW01B5lOH2JkmIY2KfnKpd49aEpLqe9P8zW%2FDhbCQuHthE%2BnrKxKIfvRraYofr0Jw6tp7ex1vFRi1GAcl6bhDQ64eMiqJHQwKfZ0rlaUEjJfYXbAWIPw18Gc%2BdvEcvJTDzh9N7aARNb56ISMLb6wxRNHatRgzep6tu4jDPa1WcRVkf5tMOkSYXd0VSrM6w8MpVsTGEQiitkBvOUo4Qf93korNDriOvVXApqiqyGYb4sgmNOE3TsQULXH2dytM%2B4j0KKoJO%2FnnH7vJmBg1oUu1w%3D%3D
[debug] [2026-05-01T02:51:04.341Z] >>> [apiv2][body] PUT https://storage.googleapis.com/gcf-v2-uploads-211740032292.us-central1.cloudfunctions.appspot.com/f58b13c6-bb2e-45d2-9883-d688f995fa87.zip [stream]
[debug] [2026-05-01T02:51:04.638Z] <<< [apiv2][status] PUT https://storage.googleapis.com/gcf-v2-uploads-211740032292.us-central1.cloudfunctions.appspot.com/f58b13c6-bb2e-45d2-9883-d688f995fa87.zip 200
[debug] [2026-05-01T02:51:04.639Z] <<< [apiv2][body] PUT https://storage.googleapis.com/gcf-v2-uploads-211740032292.us-central1.cloudfunctions.appspot.com/f58b13c6-bb2e-45d2-9883-d688f995fa87.zip [omitted]
[info] +  functions: functions source uploaded successfully 
[info] i  functions: creating Node.js 20 (2nd Gen) function ingestPrices(us-central1)... 
[debug] [2026-05-01T02:51:04.640Z] Checked if tokens are valid: true, expires at: 1777607439737
[debug] [2026-05-01T02:51:04.640Z] Checked if tokens are valid: true, expires at: 1777607439737
[info] i  functions: creating Node.js 20 (2nd Gen) function computeAnalytics(us-central1)... 
[info] i  functions: updating Node.js 20 (2nd Gen) function ingestVehicles(us-central1)... 
[debug] [2026-05-01T02:51:04.641Z] Checked if tokens are valid: true, expires at: 1777607439737
[debug] [2026-05-01T02:51:04.641Z] Checked if tokens are valid: true, expires at: 1777607439737
[debug] [2026-05-01T02:51:04.641Z] >>> [apiv2][query] PUT https://pubsub.googleapis.com/v1/projects/vehicle-market-tracker/topics/price-ingest [none]
[debug] [2026-05-01T02:51:04.641Z] >>> [apiv2][body] PUT https://pubsub.googleapis.com/v1/projects/vehicle-market-tracker/topics/price-ingest {"name":"projects/vehicle-market-tracker/topics/price-ingest"}
[debug] [2026-05-01T02:51:04.642Z] >>> [apiv2][query] POST https://cloudfunctions.googleapis.com/v2/projects/vehicle-market-tracker/locations/us-central1/functions functionId=computeAnalytics
[debug] [2026-05-01T02:51:04.642Z] >>> [apiv2][body] POST https://cloudfunctions.googleapis.com/v2/projects/vehicle-market-tracker/locations/us-central1/functions {"name":"projects/vehicle-market-tracker/locations/us-central1/functions/computeAnalytics","buildConfig":{"runtime":"nodejs20","entryPoint":"computeAnalytics","source":{"storageSource":{"bucket":"gcf-v2-uploads-211740032292.us-central1.cloudfunctions.appspot.com","object":"f58b13c6-bb2e-45d2-9883-d688f995fa87.zip"}},"environmentVariables":{"GOOGLE_NODE_RUN_SCRIPTS":""}},"serviceConfig":{"environmentVariables":{"FIREBASE_CONFIG":"{\"projectId\":\"vehicle-market-tracker\",\"storageBucket\":\"vehicle-market-tracker.firebasestorage.app\"}","GCLOUD_PROJECT":"vehicle-market-tracker","EVENTARC_CLOUD_EVENT_SOURCE":"projects/vehicle-market-tracker/locations/us-central1/services/computeAnalytics","FUNCTION_SIGNATURE_TYPE":"cloudevent","FUNCTION_TARGET":"computeAnalytics","LOG_EXECUTION_ID":"true"},"ingressSettings":null,"timeoutSeconds":null,"serviceAccountEmail":null,"availableMemory":"256Mi","minInstanceCount":null,"maxInstanceCount":null,"maxInstanceRequestConcurrency":80,"availableCpu":"1","vpcConnector":null,"vpcConnectorEgressSettings":null,"directVpcNetworkInterface":null,"directVpcEgress":null},"labels":{"deployment-tool":"cli-firebase","firebase-functions-hash":"b9e601e3a77c0cdccc55caf920a83e1b76b00bd9"},"eventTrigger":{"eventType":"google.cloud.firestore.document.v1.written","retryPolicy":"RETRY_POLICY_DO_NOT_RETRY","eventFilters":[{"attribute":"database","value":"(default)"},{"attribute":"namespace","value":"(default)"},{"attribute":"document","value":"price_snapshots/{snapshotId}","operator":"match-path-pattern"}],"triggerRegion":"nam5"}}
[debug] [2026-05-01T02:51:05.800Z] <<< [apiv2][status] POST https://cloudfunctions.googleapis.com/v2/projects/vehicle-market-tracker/locations/us-central1/functions 200
[debug] [2026-05-01T02:51:05.800Z] <<< [apiv2][body] POST https://cloudfunctions.googleapis.com/v2/projects/vehicle-market-tracker/locations/us-central1/functions {"name":"projects/vehicle-market-tracker/locations/us-central1/operations/operation-1777603865080-650b8a6edf24e-8649448a-ee00af38","metadata":{"@type":"type.googleapis.com/google.cloud.functions.v2.OperationMetadata","createTime":"2026-05-01T02:51:05.959723668Z","target":"projects/vehicle-market-tracker/locations/us-central1/functions/computeAnalytics","verb":"create","cancelRequested":false,"apiVersion":"v2"},"done":false}
[debug] [2026-05-01T02:51:05.801Z] Checked if tokens are valid: true, expires at: 1777607439737
[debug] [2026-05-01T02:51:05.801Z] Checked if tokens are valid: true, expires at: 1777607439737
[debug] [2026-05-01T02:51:05.801Z] >>> [apiv2][query] GET https://cloudfunctions.googleapis.com/v2/projects/vehicle-market-tracker/locations/us-central1/operations/operation-1777603865080-650b8a6edf24e-8649448a-ee00af38 [none]
[debug] [2026-05-01T02:51:05.842Z] <<< [apiv2][status] PUT https://pubsub.googleapis.com/v1/projects/vehicle-market-tracker/topics/price-ingest 409
[debug] [2026-05-01T02:51:05.842Z] <<< [apiv2][body] PUT https://pubsub.googleapis.com/v1/projects/vehicle-market-tracker/topics/price-ingest {"error":{"code":409,"message":"Resource already exists in the project (resource=price-ingest).","status":"ALREADY_EXISTS"}}
[debug] [2026-05-01T02:51:06.056Z] <<< [apiv2][status] GET https://cloudfunctions.googleapis.com/v2/projects/vehicle-market-tracker/locations/us-central1/operations/operation-1777603865080-650b8a6edf24e-8649448a-ee00af38 200
[debug] [2026-05-01T02:51:06.056Z] <<< [apiv2][body] GET https://cloudfunctions.googleapis.com/v2/projects/vehicle-market-tracker/locations/us-central1/operations/operation-1777603865080-650b8a6edf24e-8649448a-ee00af38 {"name":"projects/vehicle-market-tracker/locations/us-central1/operations/operation-1777603865080-650b8a6edf24e-8649448a-ee00af38","metadata":{"@type":"type.googleapis.com/google.cloud.functions.v2.OperationMetadata","createTime":"2026-05-01T02:51:05.959723668Z","target":"projects/vehicle-market-tracker/locations/us-central1/functions/computeAnalytics","verb":"create","cancelRequested":false,"apiVersion":"v2","requestResource":{"@type":"type.googleapis.com/google.cloud.functions.v2.Function","name":"projects/vehicle-market-tracker/locations/us-central1/functions/computeAnalytics","buildConfig":{"runtime":"nodejs20","entryPoint":"computeAnalytics","source":{"storageSource":{"bucket":"gcf-v2-sources-211740032292-us-central1","object":"computeAnalytics/function-source.zip","generation":"1777603865320054"}},"environmentVariables":{"GOOGLE_NODE_RUN_SCRIPTS":""},"serviceAccount":"projects/vehicle-market-tracker/serviceAccounts/211740032292-compute@developer.gserviceaccount.com","automaticUpdatePolicy":{}},"serviceConfig":{"service":"projects/vehicle-market-tracker/locations/us-central1/services/computeanalytics","timeoutSeconds":60,"environmentVariables":{"FIREBASE_CONFIG":"{\"projectId\":\"vehicle-market-tracker\",\"storageBucket\":\"vehicle-market-tracker.firebasestorage.app\"}","GCLOUD_PROJECT":"vehicle-market-tracker","EVENTARC_CLOUD_EVENT_SOURCE":"projects/vehicle-market-tracker/locations/us-central1/services/computeAnalytics","FUNCTION_SIGNATURE_TYPE":"cloudevent","FUNCTION_TARGET":"computeAnalytics","LOG_EXECUTION_ID":"true"},"ingressSettings":"ALLOW_ALL","serviceAccountEmail":"211740032292-compute@developer.gserviceaccount.com","availableMemory":"256Mi","maxInstanceRequestConcurrency":80,"availableCpu":"1"},"eventTrigger":{"trigger":"projects/vehicle-market-tracker/locations/nam5/triggers/computeanalytics-618826","triggerRegion":"nam5","eventType":"google.cloud.firestore.document.v1.written","eventFilters":[{"attribute":"database","value":"(default)"},{"attribute":"namespace","value":"(default)"},{"attribute":"document","value":"price_snapshots/{snapshotId}","operator":"match-path-pattern"}],"serviceAccountEmail":"211740032292-compute@developer.gserviceaccount.com","retryPolicy":"RETRY_POLICY_DO_NOT_RETRY"},"labels":{"deployment-tool":"cli-firebase","firebase-functions-hash":"b9e601e3a77c0cdccc55caf920a83e1b76b00bd9"},"environment":"GEN_2"},"stages":[{"name":"BUILD","state":"NOT_STARTED","stateMessages":[{"severity":"WARNING","type":"BuildAnalysisWarning","message":"Node.js 20 is no longer supported by the Node.js community as of 30 April, 2026. Node.js 20 will be deprecated on 2026-04-30. We recommend you to upgrade to the latest version of Node.js as soon as possible."}]},{"name":"SERVICE","state":"NOT_STARTED"},{"name":"TRIGGER","state":"NOT_STARTED"}],"operationType":"CREATE_FUNCTION"},"done":false}
[debug] [2026-05-01T02:51:06.560Z] [create-default-us-central1-computeAnalytics] Retrying task index 0
[debug] [2026-05-01T02:51:06.560Z] Checked if tokens are valid: true, expires at: 1777607439737
[debug] [2026-05-01T02:51:06.560Z] Checked if tokens are valid: true, expires at: 1777607439737
[debug] [2026-05-01T02:51:06.560Z] >>> [apiv2][query] GET https://cloudfunctions.googleapis.com/v2/projects/vehicle-market-tracker/locations/us-central1/operations/operation-1777603865080-650b8a6edf24e-8649448a-ee00af38 [none]
[debug] [2026-05-01T02:51:06.826Z] <<< [apiv2][status] GET https://cloudfunctions.googleapis.com/v2/projects/vehicle-market-tracker/locations/us-central1/operations/operation-1777603865080-650b8a6edf24e-8649448a-ee00af38 200
[debug] [2026-05-01T02:51:06.826Z] <<< [apiv2][body] GET https://cloudfunctions.googleapis.com/v2/projects/vehicle-market-tracker/locations/us-central1/operations/operation-1777603865080-650b8a6edf24e-8649448a-ee00af38 {"name":"projects/vehicle-market-tracker/locations/us-central1/operations/operation-1777603865080-650b8a6edf24e-8649448a-ee00af38","metadata":{"@type":"type.googleapis.com/google.cloud.functions.v2.OperationMetadata","createTime":"2026-05-01T02:51:05.959723668Z","target":"projects/vehicle-market-tracker/locations/us-central1/functions/computeAnalytics","verb":"create","cancelRequested":false,"apiVersion":"v2","requestResource":{"@type":"type.googleapis.com/google.cloud.functions.v2.Function","name":"projects/vehicle-market-tracker/locations/us-central1/functions/computeAnalytics","buildConfig":{"runtime":"nodejs20","entryPoint":"computeAnalytics","source":{"storageSource":{"bucket":"gcf-v2-sources-211740032292-us-central1","object":"computeAnalytics/function-source.zip","generation":"1777603865320054"}},"environmentVariables":{"GOOGLE_NODE_RUN_SCRIPTS":""},"serviceAccount":"projects/vehicle-market-tracker/serviceAccounts/211740032292-compute@developer.gserviceaccount.com","automaticUpdatePolicy":{}},"serviceConfig":{"service":"projects/vehicle-market-tracker/locations/us-central1/services/computeanalytics","timeoutSeconds":60,"environmentVariables":{"FIREBASE_CONFIG":"{\"projectId\":\"vehicle-market-tracker\",\"storageBucket\":\"vehicle-market-tracker.firebasestorage.app\"}","GCLOUD_PROJECT":"vehicle-market-tracker","EVENTARC_CLOUD_EVENT_SOURCE":"projects/vehicle-market-tracker/locations/us-central1/services/computeAnalytics","FUNCTION_SIGNATURE_TYPE":"cloudevent","FUNCTION_TARGET":"computeAnalytics","LOG_EXECUTION_ID":"true"},"ingressSettings":"ALLOW_ALL","serviceAccountEmail":"211740032292-compute@developer.gserviceaccount.com","availableMemory":"256Mi","maxInstanceRequestConcurrency":80,"availableCpu":"1"},"eventTrigger":{"trigger":"projects/vehicle-market-tracker/locations/nam5/triggers/computeanalytics-618826","triggerRegion":"nam5","eventType":"google.cloud.firestore.document.v1.written","eventFilters":[{"attribute":"database","value":"(default)"},{"attribute":"namespace","value":"(default)"},{"attribute":"document","value":"price_snapshots/{snapshotId}","operator":"match-path-pattern"}],"serviceAccountEmail":"211740032292-compute@developer.gserviceaccount.com","retryPolicy":"RETRY_POLICY_DO_NOT_RETRY"},"labels":{"deployment-tool":"cli-firebase","firebase-functions-hash":"b9e601e3a77c0cdccc55caf920a83e1b76b00bd9"},"environment":"GEN_2"},"stages":[{"name":"BUILD","message":"Build in progress","state":"IN_PROGRESS","resource":"projects/211740032292/locations/us-central1/builds/0683a51d-8fa0-472f-aeb1-e55172b05605","resourceUri":"https://console.cloud.google.com/cloud-build/builds;region=us-central1/0683a51d-8fa0-472f-aeb1-e55172b05605?project=211740032292"},{"name":"SERVICE","state":"NOT_STARTED"},{"name":"TRIGGER","state":"NOT_STARTED"}],"operationType":"CREATE_FUNCTION","buildName":"projects/211740032292/locations/us-central1/builds/0683a51d-8fa0-472f-aeb1-e55172b05605"},"done":false}
[debug] [2026-05-01T02:51:07.835Z] [create-default-us-central1-computeAnalytics] Retrying task index 0
[debug] [2026-05-01T02:51:07.836Z] Checked if tokens are valid: true, expires at: 1777607439737
[debug] [2026-05-01T02:51:07.836Z] Checked if tokens are valid: true, expires at: 1777607439737
[debug] [2026-05-01T02:51:07.836Z] >>> [apiv2][query] GET https://cloudfunctions.googleapis.com/v2/projects/vehicle-market-tracker/locations/us-central1/operations/operation-1777603865080-650b8a6edf24e-8649448a-ee00af38 [none]
[debug] [2026-05-01T02:51:08.074Z] <<< [apiv2][status] GET https://cloudfunctions.googleapis.com/v2/projects/vehicle-market-tracker/locations/us-central1/operations/operation-1777603865080-650b8a6edf24e-8649448a-ee00af38 200
[debug] [2026-05-01T02:51:08.074Z] <<< [apiv2][body] GET https://cloudfunctions.googleapis.com/v2/projects/vehicle-market-tracker/locations/us-central1/operations/operation-1777603865080-650b8a6edf24e-8649448a-ee00af38 {"name":"projects/vehicle-market-tracker/locations/us-central1/operations/operation-1777603865080-650b8a6edf24e-8649448a-ee00af38","metadata":{"@type":"type.googleapis.com/google.cloud.functions.v2.OperationMetadata","createTime":"2026-05-01T02:51:05.959723668Z","target":"projects/vehicle-market-tracker/locations/us-central1/functions/computeAnalytics","verb":"create","cancelRequested":false,"apiVersion":"v2","requestResource":{"@type":"type.googleapis.com/google.cloud.functions.v2.Function","name":"projects/vehicle-market-tracker/locations/us-central1/functions/computeAnalytics","buildConfig":{"runtime":"nodejs20","entryPoint":"computeAnalytics","source":{"storageSource":{"bucket":"gcf-v2-sources-211740032292-us-central1","object":"computeAnalytics/function-source.zip","generation":"1777603865320054"}},"environmentVariables":{"GOOGLE_NODE_RUN_SCRIPTS":""},"serviceAccount":"projects/vehicle-market-tracker/serviceAccounts/211740032292-compute@developer.gserviceaccount.com","automaticUpdatePolicy":{}},"serviceConfig":{"service":"projects/vehicle-market-tracker/locations/us-central1/services/computeanalytics","timeoutSeconds":60,"environmentVariables":{"FIREBASE_CONFIG":"{\"projectId\":\"vehicle-market-tracker\",\"storageBucket\":\"vehicle-market-tracker.firebasestorage.app\"}","GCLOUD_PROJECT":"vehicle-market-tracker","EVENTARC_CLOUD_EVENT_SOURCE":"projects/vehicle-market-tracker/locations/us-central1/services/computeAnalytics","FUNCTION_SIGNATURE_TYPE":"cloudevent","FUNCTION_TARGET":"computeAnalytics","LOG_EXECUTION_ID":"true"},"ingressSettings":"ALLOW_ALL","serviceAccountEmail":"211740032292-compute@developer.gserviceaccount.com","availableMemory":"256Mi","maxInstanceRequestConcurrency":80,"availableCpu":"1"},"eventTrigger":{"trigger":"projects/vehicle-market-tracker/locations/nam5/triggers/computeanalytics-618826","triggerRegion":"nam5","eventType":"google.cloud.firestore.document.v1.written","eventFilters":[{"attribute":"database","value":"(default)"},{"attribute":"namespace","value":"(default)"},{"attribute":"document","value":"price_snapshots/{snapshotId}","operator":"match-path-pattern"}],"serviceAccountEmail":"211740032292-compute@developer.gserviceaccount.com","retryPolicy":"RETRY_POLICY_DO_NOT_RETRY"},"labels":{"deployment-tool":"cli-firebase","firebase-functions-hash":"b9e601e3a77c0cdccc55caf920a83e1b76b00bd9"},"environment":"GEN_2"},"stages":[{"name":"BUILD","message":"Build in progress","state":"IN_PROGRESS","resource":"projects/211740032292/locations/us-central1/builds/0683a51d-8fa0-472f-aeb1-e55172b05605","resourceUri":"https://console.cloud.google.com/cloud-build/builds;region=us-central1/0683a51d-8fa0-472f-aeb1-e55172b05605?project=211740032292"},{"name":"SERVICE","state":"NOT_STARTED"},{"name":"TRIGGER","state":"NOT_STARTED"}],"operationType":"CREATE_FUNCTION","buildName":"projects/211740032292/locations/us-central1/builds/0683a51d-8fa0-472f-aeb1-e55172b05605"},"done":false}
[debug] [2026-05-01T02:51:10.078Z] [create-default-us-central1-computeAnalytics] Retrying task index 0
[debug] [2026-05-01T02:51:10.078Z] Checked if tokens are valid: true, expires at: 1777607439737
[debug] [2026-05-01T02:51:10.078Z] Checked if tokens are valid: true, expires at: 1777607439737
[debug] [2026-05-01T02:51:10.078Z] >>> [apiv2][query] GET https://cloudfunctions.googleapis.com/v2/projects/vehicle-market-tracker/locations/us-central1/operations/operation-1777603865080-650b8a6edf24e-8649448a-ee00af38 [none]
[debug] [2026-05-01T02:51:10.318Z] <<< [apiv2][status] GET https://cloudfunctions.googleapis.com/v2/projects/vehicle-market-tracker/locations/us-central1/operations/operation-1777603865080-650b8a6edf24e-8649448a-ee00af38 200
[debug] [2026-05-01T02:51:10.318Z] <<< [apiv2][body] GET https://cloudfunctions.googleapis.com/v2/projects/vehicle-market-tracker/locations/us-central1/operations/operation-1777603865080-650b8a6edf24e-8649448a-ee00af38 {"name":"projects/vehicle-market-tracker/locations/us-central1/operations/operation-1777603865080-650b8a6edf24e-8649448a-ee00af38","metadata":{"@type":"type.googleapis.com/google.cloud.functions.v2.OperationMetadata","createTime":"2026-05-01T02:51:05.959723668Z","target":"projects/vehicle-market-tracker/locations/us-central1/functions/computeAnalytics","verb":"create","cancelRequested":false,"apiVersion":"v2","requestResource":{"@type":"type.googleapis.com/google.cloud.functions.v2.Function","name":"projects/vehicle-market-tracker/locations/us-central1/functions/computeAnalytics","buildConfig":{"runtime":"nodejs20","entryPoint":"computeAnalytics","source":{"storageSource":{"bucket":"gcf-v2-sources-211740032292-us-central1","object":"computeAnalytics/function-source.zip","generation":"1777603865320054"}},"environmentVariables":{"GOOGLE_NODE_RUN_SCRIPTS":""},"serviceAccount":"projects/vehicle-market-tracker/serviceAccounts/211740032292-compute@developer.gserviceaccount.com","automaticUpdatePolicy":{}},"serviceConfig":{"service":"projects/vehicle-market-tracker/locations/us-central1/services/computeanalytics","timeoutSeconds":60,"environmentVariables":{"FIREBASE_CONFIG":"{\"projectId\":\"vehicle-market-tracker\",\"storageBucket\":\"vehicle-market-tracker.firebasestorage.app\"}","GCLOUD_PROJECT":"vehicle-market-tracker","EVENTARC_CLOUD_EVENT_SOURCE":"projects/vehicle-market-tracker/locations/us-central1/services/computeAnalytics","FUNCTION_SIGNATURE_TYPE":"cloudevent","FUNCTION_TARGET":"computeAnalytics","LOG_EXECUTION_ID":"true"},"ingressSettings":"ALLOW_ALL","serviceAccountEmail":"211740032292-compute@developer.gserviceaccount.com","availableMemory":"256Mi","maxInstanceRequestConcurrency":80,"availableCpu":"1"},"eventTrigger":{"trigger":"projects/vehicle-market-tracker/locations/nam5/triggers/computeanalytics-618826","triggerRegion":"nam5","eventType":"google.cloud.firestore.document.v1.written","eventFilters":[{"attribute":"database","value":"(default)"},{"attribute":"namespace","value":"(default)"},{"attribute":"document","value":"price_snapshots/{snapshotId}","operator":"match-path-pattern"}],"serviceAccountEmail":"211740032292-compute@developer.gserviceaccount.com","retryPolicy":"RETRY_POLICY_DO_NOT_RETRY"},"labels":{"deployment-tool":"cli-firebase","firebase-functions-hash":"b9e601e3a77c0cdccc55caf920a83e1b76b00bd9"},"environment":"GEN_2"},"stages":[{"name":"BUILD","message":"Build in progress","state":"IN_PROGRESS","resource":"projects/211740032292/locations/us-central1/builds/0683a51d-8fa0-472f-aeb1-e55172b05605","resourceUri":"https://console.cloud.google.com/cloud-build/builds;region=us-central1/0683a51d-8fa0-472f-aeb1-e55172b05605?project=211740032292"},{"name":"SERVICE","state":"NOT_STARTED"},{"name":"TRIGGER","state":"NOT_STARTED"}],"operationType":"CREATE_FUNCTION","buildName":"projects/211740032292/locations/us-central1/builds/0683a51d-8fa0-472f-aeb1-e55172b05605"},"done":false}
[debug] [2026-05-01T02:51:14.331Z] [create-default-us-central1-computeAnalytics] Retrying task index 0
[debug] [2026-05-01T02:51:14.331Z] Checked if tokens are valid: true, expires at: 1777607439737
[debug] [2026-05-01T02:51:14.331Z] Checked if tokens are valid: true, expires at: 1777607439737
[debug] [2026-05-01T02:51:14.331Z] >>> [apiv2][query] GET https://cloudfunctions.googleapis.com/v2/projects/vehicle-market-tracker/locations/us-central1/operations/operation-1777603865080-650b8a6edf24e-8649448a-ee00af38 [none]
[debug] [2026-05-01T02:51:14.441Z] <<< [apiv2][status] GET https://cloudfunctions.googleapis.com/v2/projects/vehicle-market-tracker/locations/us-central1/operations/operation-1777603865080-650b8a6edf24e-8649448a-ee00af38 200
[debug] [2026-05-01T02:51:14.441Z] <<< [apiv2][body] GET https://cloudfunctions.googleapis.com/v2/projects/vehicle-market-tracker/locations/us-central1/operations/operation-1777603865080-650b8a6edf24e-8649448a-ee00af38 {"name":"projects/vehicle-market-tracker/locations/us-central1/operations/operation-1777603865080-650b8a6edf24e-8649448a-ee00af38","metadata":{"@type":"type.googleapis.com/google.cloud.functions.v2.OperationMetadata","createTime":"2026-05-01T02:51:05.959723668Z","target":"projects/vehicle-market-tracker/locations/us-central1/functions/computeAnalytics","verb":"create","cancelRequested":false,"apiVersion":"v2","requestResource":{"@type":"type.googleapis.com/google.cloud.functions.v2.Function","name":"projects/vehicle-market-tracker/locations/us-central1/functions/computeAnalytics","buildConfig":{"runtime":"nodejs20","entryPoint":"computeAnalytics","source":{"storageSource":{"bucket":"gcf-v2-sources-211740032292-us-central1","object":"computeAnalytics/function-source.zip","generation":"1777603865320054"}},"environmentVariables":{"GOOGLE_NODE_RUN_SCRIPTS":""},"serviceAccount":"projects/vehicle-market-tracker/serviceAccounts/211740032292-compute@developer.gserviceaccount.com","automaticUpdatePolicy":{}},"serviceConfig":{"service":"projects/vehicle-market-tracker/locations/us-central1/services/computeanalytics","timeoutSeconds":60,"environmentVariables":{"FIREBASE_CONFIG":"{\"projectId\":\"vehicle-market-tracker\",\"storageBucket\":\"vehicle-market-tracker.firebasestorage.app\"}","GCLOUD_PROJECT":"vehicle-market-tracker","EVENTARC_CLOUD_EVENT_SOURCE":"projects/vehicle-market-tracker/locations/us-central1/services/computeAnalytics","FUNCTION_SIGNATURE_TYPE":"cloudevent","FUNCTION_TARGET":"computeAnalytics","LOG_EXECUTION_ID":"true"},"ingressSettings":"ALLOW_ALL","serviceAccountEmail":"211740032292-compute@developer.gserviceaccount.com","availableMemory":"256Mi","maxInstanceRequestConcurrency":80,"availableCpu":"1"},"eventTrigger":{"trigger":"projects/vehicle-market-tracker/locations/nam5/triggers/computeanalytics-618826","triggerRegion":"nam5","eventType":"google.cloud.firestore.document.v1.written","eventFilters":[{"attribute":"database","value":"(default)"},{"attribute":"namespace","value":"(default)"},{"attribute":"document","value":"price_snapshots/{snapshotId}","operator":"match-path-pattern"}],"serviceAccountEmail":"211740032292-compute@developer.gserviceaccount.com","retryPolicy":"RETRY_POLICY_DO_NOT_RETRY"},"labels":{"deployment-tool":"cli-firebase","firebase-functions-hash":"b9e601e3a77c0cdccc55caf920a83e1b76b00bd9"},"environment":"GEN_2"},"stages":[{"name":"BUILD","message":"Build in progress","state":"IN_PROGRESS","resource":"projects/211740032292/locations/us-central1/builds/0683a51d-8fa0-472f-aeb1-e55172b05605","resourceUri":"https://console.cloud.google.com/cloud-build/builds;region=us-central1/0683a51d-8fa0-472f-aeb1-e55172b05605?project=211740032292"},{"name":"SERVICE","state":"NOT_STARTED"},{"name":"TRIGGER","state":"NOT_STARTED"}],"operationType":"CREATE_FUNCTION","buildName":"projects/211740032292/locations/us-central1/builds/0683a51d-8fa0-472f-aeb1-e55172b05605"},"done":false}
[debug] [2026-05-01T02:51:22.442Z] [create-default-us-central1-computeAnalytics] Retrying task index 0
[debug] [2026-05-01T02:51:22.442Z] Checked if tokens are valid: true, expires at: 1777607439737
[debug] [2026-05-01T02:51:22.442Z] Checked if tokens are valid: true, expires at: 1777607439737
[debug] [2026-05-01T02:51:22.442Z] >>> [apiv2][query] GET https://cloudfunctions.googleapis.com/v2/projects/vehicle-market-tracker/locations/us-central1/operations/operation-1777603865080-650b8a6edf24e-8649448a-ee00af38 [none]
[debug] [2026-05-01T02:51:22.819Z] <<< [apiv2][status] GET https://cloudfunctions.googleapis.com/v2/projects/vehicle-market-tracker/locations/us-central1/operations/operation-1777603865080-650b8a6edf24e-8649448a-ee00af38 200
[debug] [2026-05-01T02:51:22.819Z] <<< [apiv2][body] GET https://cloudfunctions.googleapis.com/v2/projects/vehicle-market-tracker/locations/us-central1/operations/operation-1777603865080-650b8a6edf24e-8649448a-ee00af38 {"name":"projects/vehicle-market-tracker/locations/us-central1/operations/operation-1777603865080-650b8a6edf24e-8649448a-ee00af38","metadata":{"@type":"type.googleapis.com/google.cloud.functions.v2.OperationMetadata","createTime":"2026-05-01T02:51:05.959723668Z","target":"projects/vehicle-market-tracker/locations/us-central1/functions/computeAnalytics","verb":"create","cancelRequested":false,"apiVersion":"v2","requestResource":{"@type":"type.googleapis.com/google.cloud.functions.v2.Function","name":"projects/vehicle-market-tracker/locations/us-central1/functions/computeAnalytics","buildConfig":{"runtime":"nodejs20","entryPoint":"computeAnalytics","source":{"storageSource":{"bucket":"gcf-v2-sources-211740032292-us-central1","object":"computeAnalytics/function-source.zip","generation":"1777603865320054"}},"environmentVariables":{"GOOGLE_NODE_RUN_SCRIPTS":""},"serviceAccount":"projects/vehicle-market-tracker/serviceAccounts/211740032292-compute@developer.gserviceaccount.com","automaticUpdatePolicy":{}},"serviceConfig":{"service":"projects/vehicle-market-tracker/locations/us-central1/services/computeanalytics","timeoutSeconds":60,"environmentVariables":{"FIREBASE_CONFIG":"{\"projectId\":\"vehicle-market-tracker\",\"storageBucket\":\"vehicle-market-tracker.firebasestorage.app\"}","GCLOUD_PROJECT":"vehicle-market-tracker","EVENTARC_CLOUD_EVENT_SOURCE":"projects/vehicle-market-tracker/locations/us-central1/services/computeAnalytics","FUNCTION_SIGNATURE_TYPE":"cloudevent","FUNCTION_TARGET":"computeAnalytics","LOG_EXECUTION_ID":"true"},"ingressSettings":"ALLOW_ALL","serviceAccountEmail":"211740032292-compute@developer.gserviceaccount.com","availableMemory":"256Mi","maxInstanceRequestConcurrency":80,"availableCpu":"1"},"eventTrigger":{"trigger":"projects/vehicle-market-tracker/locations/nam5/triggers/computeanalytics-618826","triggerRegion":"nam5","eventType":"google.cloud.firestore.document.v1.written","eventFilters":[{"attribute":"database","value":"(default)"},{"attribute":"namespace","value":"(default)"},{"attribute":"document","value":"price_snapshots/{snapshotId}","operator":"match-path-pattern"}],"serviceAccountEmail":"211740032292-compute@developer.gserviceaccount.com","retryPolicy":"RETRY_POLICY_DO_NOT_RETRY"},"labels":{"deployment-tool":"cli-firebase","firebase-functions-hash":"b9e601e3a77c0cdccc55caf920a83e1b76b00bd9"},"environment":"GEN_2"},"stages":[{"name":"BUILD","message":"Build in progress","state":"IN_PROGRESS","resource":"projects/211740032292/locations/us-central1/builds/0683a51d-8fa0-472f-aeb1-e55172b05605","resourceUri":"https://console.cloud.google.com/cloud-build/builds;region=us-central1/0683a51d-8fa0-472f-aeb1-e55172b05605?project=211740032292"},{"name":"SERVICE","state":"NOT_STARTED"},{"name":"TRIGGER","state":"NOT_STARTED"}],"operationType":"CREATE_FUNCTION","buildName":"projects/211740032292/locations/us-central1/builds/0683a51d-8fa0-472f-aeb1-e55172b05605"},"done":false}
[debug] [2026-05-01T02:51:32.825Z] [create-default-us-central1-computeAnalytics] Retrying task index 0
[debug] [2026-05-01T02:51:32.825Z] Checked if tokens are valid: true, expires at: 1777607439737
[debug] [2026-05-01T02:51:32.825Z] Checked if tokens are valid: true, expires at: 1777607439737
[debug] [2026-05-01T02:51:32.826Z] >>> [apiv2][query] GET https://cloudfunctions.googleapis.com/v2/projects/vehicle-market-tracker/locations/us-central1/operations/operation-1777603865080-650b8a6edf24e-8649448a-ee00af38 [none]
[debug] [2026-05-01T02:51:33.138Z] <<< [apiv2][status] GET https://cloudfunctions.googleapis.com/v2/projects/vehicle-market-tracker/locations/us-central1/operations/operation-1777603865080-650b8a6edf24e-8649448a-ee00af38 200
[debug] [2026-05-01T02:51:33.138Z] <<< [apiv2][body] GET https://cloudfunctions.googleapis.com/v2/projects/vehicle-market-tracker/locations/us-central1/operations/operation-1777603865080-650b8a6edf24e-8649448a-ee00af38 {"name":"projects/vehicle-market-tracker/locations/us-central1/operations/operation-1777603865080-650b8a6edf24e-8649448a-ee00af38","metadata":{"@type":"type.googleapis.com/google.cloud.functions.v2.OperationMetadata","createTime":"2026-05-01T02:51:05.959723668Z","target":"projects/vehicle-market-tracker/locations/us-central1/functions/computeAnalytics","verb":"create","cancelRequested":false,"apiVersion":"v2","requestResource":{"@type":"type.googleapis.com/google.cloud.functions.v2.Function","name":"projects/vehicle-market-tracker/locations/us-central1/functions/computeAnalytics","buildConfig":{"runtime":"nodejs20","entryPoint":"computeAnalytics","source":{"storageSource":{"bucket":"gcf-v2-sources-211740032292-us-central1","object":"computeAnalytics/function-source.zip","generation":"1777603865320054"}},"environmentVariables":{"GOOGLE_NODE_RUN_SCRIPTS":""},"serviceAccount":"projects/vehicle-market-tracker/serviceAccounts/211740032292-compute@developer.gserviceaccount.com","automaticUpdatePolicy":{}},"serviceConfig":{"service":"projects/vehicle-market-tracker/locations/us-central1/services/computeanalytics","timeoutSeconds":60,"environmentVariables":{"FIREBASE_CONFIG":"{\"projectId\":\"vehicle-market-tracker\",\"storageBucket\":\"vehicle-market-tracker.firebasestorage.app\"}","GCLOUD_PROJECT":"vehicle-market-tracker","EVENTARC_CLOUD_EVENT_SOURCE":"projects/vehicle-market-tracker/locations/us-central1/services/computeAnalytics","FUNCTION_SIGNATURE_TYPE":"cloudevent","FUNCTION_TARGET":"computeAnalytics","LOG_EXECUTION_ID":"true"},"ingressSettings":"ALLOW_ALL","serviceAccountEmail":"211740032292-compute@developer.gserviceaccount.com","availableMemory":"256Mi","maxInstanceRequestConcurrency":80,"availableCpu":"1"},"eventTrigger":{"trigger":"projects/vehicle-market-tracker/locations/nam5/triggers/computeanalytics-618826","triggerRegion":"nam5","eventType":"google.cloud.firestore.document.v1.written","eventFilters":[{"attribute":"database","value":"(default)"},{"attribute":"namespace","value":"(default)"},{"attribute":"document","value":"price_snapshots/{snapshotId}","operator":"match-path-pattern"}],"serviceAccountEmail":"211740032292-compute@developer.gserviceaccount.com","retryPolicy":"RETRY_POLICY_DO_NOT_RETRY"},"labels":{"deployment-tool":"cli-firebase","firebase-functions-hash":"b9e601e3a77c0cdccc55caf920a83e1b76b00bd9"},"environment":"GEN_2"},"stages":[{"name":"BUILD","message":"Build in progress","state":"IN_PROGRESS","resource":"projects/211740032292/locations/us-central1/builds/0683a51d-8fa0-472f-aeb1-e55172b05605","resourceUri":"https://console.cloud.google.com/cloud-build/builds;region=us-central1/0683a51d-8fa0-472f-aeb1-e55172b05605?project=211740032292"},{"name":"SERVICE","state":"NOT_STARTED"},{"name":"TRIGGER","state":"NOT_STARTED"}],"operationType":"CREATE_FUNCTION","buildName":"projects/211740032292/locations/us-central1/builds/0683a51d-8fa0-472f-aeb1-e55172b05605"},"done":false}
[debug] [2026-05-01T02:51:43.155Z] [create-default-us-central1-computeAnalytics] Retrying task index 0
[debug] [2026-05-01T02:51:43.155Z] Checked if tokens are valid: true, expires at: 1777607439737
[debug] [2026-05-01T02:51:43.155Z] Checked if tokens are valid: true, expires at: 1777607439737
[debug] [2026-05-01T02:51:43.155Z] >>> [apiv2][query] GET https://cloudfunctions.googleapis.com/v2/projects/vehicle-market-tracker/locations/us-central1/operations/operation-1777603865080-650b8a6edf24e-8649448a-ee00af38 [none]
[debug] [2026-05-01T02:51:43.498Z] <<< [apiv2][status] GET https://cloudfunctions.googleapis.com/v2/projects/vehicle-market-tracker/locations/us-central1/operations/operation-1777603865080-650b8a6edf24e-8649448a-ee00af38 200
[debug] [2026-05-01T02:51:43.498Z] <<< [apiv2][body] GET https://cloudfunctions.googleapis.com/v2/projects/vehicle-market-tracker/locations/us-central1/operations/operation-1777603865080-650b8a6edf24e-8649448a-ee00af38 {"name":"projects/vehicle-market-tracker/locations/us-central1/operations/operation-1777603865080-650b8a6edf24e-8649448a-ee00af38","metadata":{"@type":"type.googleapis.com/google.cloud.functions.v2.OperationMetadata","createTime":"2026-05-01T02:51:05.959723668Z","target":"projects/vehicle-market-tracker/locations/us-central1/functions/computeAnalytics","verb":"create","cancelRequested":false,"apiVersion":"v2","requestResource":{"@type":"type.googleapis.com/google.cloud.functions.v2.Function","name":"projects/vehicle-market-tracker/locations/us-central1/functions/computeAnalytics","buildConfig":{"runtime":"nodejs20","entryPoint":"computeAnalytics","source":{"storageSource":{"bucket":"gcf-v2-sources-211740032292-us-central1","object":"computeAnalytics/function-source.zip","generation":"1777603865320054"}},"environmentVariables":{"GOOGLE_NODE_RUN_SCRIPTS":""},"serviceAccount":"projects/vehicle-market-tracker/serviceAccounts/211740032292-compute@developer.gserviceaccount.com","automaticUpdatePolicy":{}},"serviceConfig":{"service":"projects/vehicle-market-tracker/locations/us-central1/services/computeanalytics","timeoutSeconds":60,"environmentVariables":{"FIREBASE_CONFIG":"{\"projectId\":\"vehicle-market-tracker\",\"storageBucket\":\"vehicle-market-tracker.firebasestorage.app\"}","GCLOUD_PROJECT":"vehicle-market-tracker","EVENTARC_CLOUD_EVENT_SOURCE":"projects/vehicle-market-tracker/locations/us-central1/services/computeAnalytics","FUNCTION_SIGNATURE_TYPE":"cloudevent","FUNCTION_TARGET":"computeAnalytics","LOG_EXECUTION_ID":"true"},"ingressSettings":"ALLOW_ALL","serviceAccountEmail":"211740032292-compute@developer.gserviceaccount.com","availableMemory":"256Mi","maxInstanceRequestConcurrency":80,"availableCpu":"1"},"eventTrigger":{"trigger":"projects/vehicle-market-tracker/locations/nam5/triggers/computeanalytics-618826","triggerRegion":"nam5","eventType":"google.cloud.firestore.document.v1.written","eventFilters":[{"attribute":"database","value":"(default)"},{"attribute":"namespace","value":"(default)"},{"attribute":"document","value":"price_snapshots/{snapshotId}","operator":"match-path-pattern"}],"serviceAccountEmail":"211740032292-compute@developer.gserviceaccount.com","retryPolicy":"RETRY_POLICY_DO_NOT_RETRY"},"labels":{"deployment-tool":"cli-firebase","firebase-functions-hash":"b9e601e3a77c0cdccc55caf920a83e1b76b00bd9"},"environment":"GEN_2"},"stages":[{"name":"BUILD","message":"Build in progress","state":"IN_PROGRESS","resource":"projects/211740032292/locations/us-central1/builds/0683a51d-8fa0-472f-aeb1-e55172b05605","resourceUri":"https://console.cloud.google.com/cloud-build/builds;region=us-central1/0683a51d-8fa0-472f-aeb1-e55172b05605?project=211740032292"},{"name":"SERVICE","state":"NOT_STARTED"},{"name":"TRIGGER","state":"NOT_STARTED"}],"operationType":"CREATE_FUNCTION","buildName":"projects/211740032292/locations/us-central1/builds/0683a51d-8fa0-472f-aeb1-e55172b05605"},"done":false}
[debug] [2026-05-01T02:51:53.500Z] [create-default-us-central1-computeAnalytics] Retrying task index 0
[debug] [2026-05-01T02:51:53.501Z] Checked if tokens are valid: true, expires at: 1777607439737
[debug] [2026-05-01T02:51:53.501Z] Checked if tokens are valid: true, expires at: 1777607439737
[debug] [2026-05-01T02:51:53.501Z] >>> [apiv2][query] GET https://cloudfunctions.googleapis.com/v2/projects/vehicle-market-tracker/locations/us-central1/operations/operation-1777603865080-650b8a6edf24e-8649448a-ee00af38 [none]
[debug] [2026-05-01T02:51:53.854Z] <<< [apiv2][status] GET https://cloudfunctions.googleapis.com/v2/projects/vehicle-market-tracker/locations/us-central1/operations/operation-1777603865080-650b8a6edf24e-8649448a-ee00af38 200
[debug] [2026-05-01T02:51:53.854Z] <<< [apiv2][body] GET https://cloudfunctions.googleapis.com/v2/projects/vehicle-market-tracker/locations/us-central1/operations/operation-1777603865080-650b8a6edf24e-8649448a-ee00af38 {"name":"projects/vehicle-market-tracker/locations/us-central1/operations/operation-1777603865080-650b8a6edf24e-8649448a-ee00af38","metadata":{"@type":"type.googleapis.com/google.cloud.functions.v2.OperationMetadata","createTime":"2026-05-01T02:51:05.959723668Z","target":"projects/vehicle-market-tracker/locations/us-central1/functions/computeAnalytics","verb":"create","cancelRequested":false,"apiVersion":"v2","requestResource":{"@type":"type.googleapis.com/google.cloud.functions.v2.Function","name":"projects/vehicle-market-tracker/locations/us-central1/functions/computeAnalytics","buildConfig":{"runtime":"nodejs20","entryPoint":"computeAnalytics","source":{"storageSource":{"bucket":"gcf-v2-sources-211740032292-us-central1","object":"computeAnalytics/function-source.zip","generation":"1777603865320054"}},"environmentVariables":{"GOOGLE_NODE_RUN_SCRIPTS":""},"serviceAccount":"projects/vehicle-market-tracker/serviceAccounts/211740032292-compute@developer.gserviceaccount.com","automaticUpdatePolicy":{}},"serviceConfig":{"service":"projects/vehicle-market-tracker/locations/us-central1/services/computeanalytics","timeoutSeconds":60,"environmentVariables":{"FIREBASE_CONFIG":"{\"projectId\":\"vehicle-market-tracker\",\"storageBucket\":\"vehicle-market-tracker.firebasestorage.app\"}","GCLOUD_PROJECT":"vehicle-market-tracker","EVENTARC_CLOUD_EVENT_SOURCE":"projects/vehicle-market-tracker/locations/us-central1/services/computeAnalytics","FUNCTION_SIGNATURE_TYPE":"cloudevent","FUNCTION_TARGET":"computeAnalytics","LOG_EXECUTION_ID":"true"},"ingressSettings":"ALLOW_ALL","serviceAccountEmail":"211740032292-compute@developer.gserviceaccount.com","availableMemory":"256Mi","maxInstanceRequestConcurrency":80,"availableCpu":"1"},"eventTrigger":{"trigger":"projects/vehicle-market-tracker/locations/nam5/triggers/computeanalytics-618826","triggerRegion":"nam5","eventType":"google.cloud.firestore.document.v1.written","eventFilters":[{"attribute":"database","value":"(default)"},{"attribute":"namespace","value":"(default)"},{"attribute":"document","value":"price_snapshots/{snapshotId}","operator":"match-path-pattern"}],"serviceAccountEmail":"211740032292-compute@developer.gserviceaccount.com","retryPolicy":"RETRY_POLICY_DO_NOT_RETRY"},"labels":{"deployment-tool":"cli-firebase","firebase-functions-hash":"b9e601e3a77c0cdccc55caf920a83e1b76b00bd9"},"environment":"GEN_2"},"stages":[{"name":"BUILD","message":"Build finished","state":"COMPLETE","resource":"projects/211740032292/locations/us-central1/builds/0683a51d-8fa0-472f-aeb1-e55172b05605","resourceUri":"https://console.cloud.google.com/cloud-build/builds;region=us-central1/0683a51d-8fa0-472f-aeb1-e55172b05605?project=211740032292"},{"name":"SERVICE","message":"Creating Cloud Run service","state":"IN_PROGRESS","resource":"projects/vehicle-market-tracker/locations/us-central1/services/computeanalytics","resourceUri":"https://console.cloud.google.com/run/detail/us-central1/computeanalytics?project=vehicle-market-tracker"},{"name":"TRIGGER","state":"NOT_STARTED"}],"sourceToken":"Cldwcm9qZWN0cy8yMTE3NDAwMzIyOTIvbG9jYXRpb25zL3VzLWNlbnRyYWwxL2J1aWxkcy8wNjgzYTUxZC04ZmEwLTQ3MmYtYWViMS1lNTUxNzJiMDU2MDUSgwF1cy1jZW50cmFsMS1kb2NrZXIucGtnLmRldi92ZWhpY2xlLW1hcmtldC10cmFja2VyL2djZi1hcnRpZmFjdHMvdmVoaWNsZS0tbWFya2V0LS10cmFja2VyX191cy0tY2VudHJhbDFfX2NvbXB1dGVfYW5hbHl0aWNzOnZlcnNpb25fMRik+sHllAYiUHByb2plY3RzL3ZlaGljbGUtbWFya2V0LXRyYWNrZXIvbG9jYXRpb25zL3VzLWNlbnRyYWwxL2Z1bmN0aW9ucy9jb21wdXRlQW5hbHl0aWNzKgwIxarQzwYQuPvSlgMyCG5vZGVqczIwOnYKI2djci5pby9nYWUtcnVudGltZXMvbm9kZWpzMjA6c3RhYmxlEk91cy1jZW50cmFsMS1kb2NrZXIucGtnLmRldi9zZXJ2ZXJsZXNzLXJ1bnRpbWVzL2dvb2dsZS0yMi1mdWxsL3J1bnRpbWVzL25vZGVqczIwQAE=","operationType":"CREATE_FUNCTION","buildName":"projects/211740032292/locations/us-central1/builds/0683a51d-8fa0-472f-aeb1-e55172b05605"},"done":false}
[debug] [2026-05-01T02:51:53.854Z] Got source token Cldwcm9qZWN0cy8yMTE3NDAwMzIyOTIvbG9jYXRpb25zL3VzLWNlbnRyYWwxL2J1aWxkcy8wNjgzYTUxZC04ZmEwLTQ3MmYtYWViMS1lNTUxNzJiMDU2MDUSgwF1cy1jZW50cmFsMS1kb2NrZXIucGtnLmRldi92ZWhpY2xlLW1hcmtldC10cmFja2VyL2djZi1hcnRpZmFjdHMvdmVoaWNsZS0tbWFya2V0LS10cmFja2VyX191cy0tY2VudHJhbDFfX2NvbXB1dGVfYW5hbHl0aWNzOnZlcnNpb25fMRik+sHllAYiUHByb2plY3RzL3ZlaGljbGUtbWFya2V0LXRyYWNrZXIvbG9jYXRpb25zL3VzLWNlbnRyYWwxL2Z1bmN0aW9ucy9jb21wdXRlQW5hbHl0aWNzKgwIxarQzwYQuPvSlgMyCG5vZGVqczIwOnYKI2djci5pby9nYWUtcnVudGltZXMvbm9kZWpzMjA6c3RhYmxlEk91cy1jZW50cmFsMS1kb2NrZXIucGtnLmRldi9zZXJ2ZXJsZXNzLXJ1bnRpbWVzL2dvb2dsZS0yMi1mdWxsL3J1bnRpbWVzL25vZGVqczIwQAE= for region us-central1
[debug] [2026-05-01T02:51:53.854Z] Checked if tokens are valid: true, expires at: 1777607439737
[debug] [2026-05-01T02:51:53.854Z] Checked if tokens are valid: true, expires at: 1777607439737
[debug] [2026-05-01T02:51:53.854Z] Checked if tokens are valid: true, expires at: 1777607439737
[debug] [2026-05-01T02:51:53.854Z] Checked if tokens are valid: true, expires at: 1777607439737
[debug] [2026-05-01T02:51:53.855Z] >>> [apiv2][query] PATCH https://cloudfunctions.googleapis.com/v2/projects/vehicle-market-tracker/locations/us-central1/functions/ingestVehicles updateMask=name%2CbuildConfig.runtime%2CbuildConfig.entryPoint%2CbuildConfig.source.storageSource.bucket%2CbuildConfig.source.storageSource.object%2CbuildConfig.environmentVariables%2CbuildConfig.sourceToken%2CserviceConfig.environmentVariables%2CserviceConfig.ingressSettings%2CserviceConfig.timeoutSeconds%2CserviceConfig.serviceAccountEmail%2CserviceConfig.availableMemory%2CserviceConfig.minInstanceCount%2CserviceConfig.maxInstanceCount%2CserviceConfig.maxInstanceRequestConcurrency%2CserviceConfig.availableCpu%2CserviceConfig.vpcConnector%2CserviceConfig.vpcConnectorEgressSettings%2CserviceConfig.directVpcNetworkInterface%2CserviceConfig.directVpcEgress%2Clabels%2CeventTrigger.eventType%2CeventTrigger.retryPolicy%2CeventTrigger.triggerRegion
[debug] [2026-05-01T02:51:53.855Z] >>> [apiv2][body] PATCH https://cloudfunctions.googleapis.com/v2/projects/vehicle-market-tracker/locations/us-central1/functions/ingestVehicles {"name":"projects/vehicle-market-tracker/locations/us-central1/functions/ingestVehicles","buildConfig":{"runtime":"nodejs20","entryPoint":"ingestVehicles","source":{"storageSource":{"bucket":"gcf-v2-uploads-211740032292.us-central1.cloudfunctions.appspot.com","object":"f58b13c6-bb2e-45d2-9883-d688f995fa87.zip"}},"environmentVariables":{"GOOGLE_NODE_RUN_SCRIPTS":""},"sourceToken":"Cldwcm9qZWN0cy8yMTE3NDAwMzIyOTIvbG9jYXRpb25zL3VzLWNlbnRyYWwxL2J1aWxkcy8wNjgzYTUxZC04ZmEwLTQ3MmYtYWViMS1lNTUxNzJiMDU2MDUSgwF1cy1jZW50cmFsMS1kb2NrZXIucGtnLmRldi92ZWhpY2xlLW1hcmtldC10cmFja2VyL2djZi1hcnRpZmFjdHMvdmVoaWNsZS0tbWFya2V0LS10cmFja2VyX191cy0tY2VudHJhbDFfX2NvbXB1dGVfYW5hbHl0aWNzOnZlcnNpb25fMRik+sHllAYiUHByb2plY3RzL3ZlaGljbGUtbWFya2V0LXRyYWNrZXIvbG9jYXRpb25zL3VzLWNlbnRyYWwxL2Z1bmN0aW9ucy9jb21wdXRlQW5hbHl0aWNzKgwIxarQzwYQuPvSlgMyCG5vZGVqczIwOnYKI2djci5pby9nYWUtcnVudGltZXMvbm9kZWpzMjA6c3RhYmxlEk91cy1jZW50cmFsMS1kb2NrZXIucGtnLmRldi9zZXJ2ZXJsZXNzLXJ1bnRpbWVzL2dvb2dsZS0yMi1mdWxsL3J1bnRpbWVzL25vZGVqczIwQAE="},"serviceConfig":{"environmentVariables":{"GCLOUD_PROJECT":"vehicle-market-tracker","PUBSUB_TOPIC_PRICES":"price-ingest","LOG_EXECUTION_ID":"true","FIREBASE_CONFIG":"{\"projectId\":\"vehicle-market-tracker\",\"storageBucket\":\"vehicle-market-tracker.firebasestorage.app\"}","EVENTARC_CLOUD_EVENT_SOURCE":"projects/vehicle-market-tracker/locations/us-central1/services/ingestVehicles","FUNCTION_SIGNATURE_TYPE":"cloudevent","FUNCTION_TARGET":"ingestVehicles"},"ingressSettings":null,"timeoutSeconds":null,"serviceAccountEmail":null,"availableMemory":"256Mi","minInstanceCount":null,"maxInstanceCount":null,"maxInstanceRequestConcurrency":1,"availableCpu":"0.1666","vpcConnector":null,"vpcConnectorEgressSettings":null,"directVpcNetworkInterface":null,"directVpcEgress":null},"labels":{"deployment-tool":"cli-firebase","firebase-functions-hash":"b9e601e3a77c0cdccc55caf920a83e1b76b00bd9"},"eventTrigger":{"eventType":"google.cloud.pubsub.topic.v1.messagePublished","retryPolicy":"RETRY_POLICY_DO_NOT_RETRY","eventFilters":[],"triggerRegion":"us-central1"}}
[debug] [2026-05-01T02:51:53.855Z] >>> [apiv2][query] POST https://cloudfunctions.googleapis.com/v2/projects/vehicle-market-tracker/locations/us-central1/functions functionId=ingestPrices
[debug] [2026-05-01T02:51:53.855Z] >>> [apiv2][body] POST https://cloudfunctions.googleapis.com/v2/projects/vehicle-market-tracker/locations/us-central1/functions {"name":"projects/vehicle-market-tracker/locations/us-central1/functions/ingestPrices","buildConfig":{"runtime":"nodejs20","entryPoint":"ingestPrices","source":{"storageSource":{"bucket":"gcf-v2-uploads-211740032292.us-central1.cloudfunctions.appspot.com","object":"f58b13c6-bb2e-45d2-9883-d688f995fa87.zip"}},"environmentVariables":{"GOOGLE_NODE_RUN_SCRIPTS":""},"sourceToken":"Cldwcm9qZWN0cy8yMTE3NDAwMzIyOTIvbG9jYXRpb25zL3VzLWNlbnRyYWwxL2J1aWxkcy8wNjgzYTUxZC04ZmEwLTQ3MmYtYWViMS1lNTUxNzJiMDU2MDUSgwF1cy1jZW50cmFsMS1kb2NrZXIucGtnLmRldi92ZWhpY2xlLW1hcmtldC10cmFja2VyL2djZi1hcnRpZmFjdHMvdmVoaWNsZS0tbWFya2V0LS10cmFja2VyX191cy0tY2VudHJhbDFfX2NvbXB1dGVfYW5hbHl0aWNzOnZlcnNpb25fMRik+sHllAYiUHByb2plY3RzL3ZlaGljbGUtbWFya2V0LXRyYWNrZXIvbG9jYXRpb25zL3VzLWNlbnRyYWwxL2Z1bmN0aW9ucy9jb21wdXRlQW5hbHl0aWNzKgwIxarQzwYQuPvSlgMyCG5vZGVqczIwOnYKI2djci5pby9nYWUtcnVudGltZXMvbm9kZWpzMjA6c3RhYmxlEk91cy1jZW50cmFsMS1kb2NrZXIucGtnLmRldi9zZXJ2ZXJsZXNzLXJ1bnRpbWVzL2dvb2dsZS0yMi1mdWxsL3J1bnRpbWVzL25vZGVqczIwQAE="},"serviceConfig":{"environmentVariables":{"FIREBASE_CONFIG":"{\"projectId\":\"vehicle-market-tracker\",\"storageBucket\":\"vehicle-market-tracker.firebasestorage.app\"}","GCLOUD_PROJECT":"vehicle-market-tracker","EVENTARC_CLOUD_EVENT_SOURCE":"projects/vehicle-market-tracker/locations/us-central1/services/ingestPrices","FUNCTION_SIGNATURE_TYPE":"cloudevent","FUNCTION_TARGET":"ingestPrices","LOG_EXECUTION_ID":"true"},"ingressSettings":null,"timeoutSeconds":null,"serviceAccountEmail":null,"availableMemory":"256Mi","minInstanceCount":null,"maxInstanceCount":null,"maxInstanceRequestConcurrency":80,"availableCpu":"1","vpcConnector":null,"vpcConnectorEgressSettings":null,"directVpcNetworkInterface":null,"directVpcEgress":null},"labels":{"deployment-tool":"cli-firebase","firebase-functions-hash":"b9e601e3a77c0cdccc55caf920a83e1b76b00bd9"},"eventTrigger":{"eventType":"google.cloud.pubsub.topic.v1.messagePublished","retryPolicy":"RETRY_POLICY_DO_NOT_RETRY","pubsubTopic":"projects/vehicle-market-tracker/topics/price-ingest","eventFilters":[]}}
[debug] [2026-05-01T02:51:54.720Z] <<< [apiv2][status] POST https://cloudfunctions.googleapis.com/v2/projects/vehicle-market-tracker/locations/us-central1/functions 200
[debug] [2026-05-01T02:51:54.720Z] <<< [apiv2][body] POST https://cloudfunctions.googleapis.com/v2/projects/vehicle-market-tracker/locations/us-central1/functions {"name":"projects/vehicle-market-tracker/locations/us-central1/operations/operation-1777603914380-650b8a9de3335-b77e1cd3-6189eb0a","metadata":{"@type":"type.googleapis.com/google.cloud.functions.v2.OperationMetadata","createTime":"2026-05-01T02:51:54.859245034Z","target":"projects/vehicle-market-tracker/locations/us-central1/functions/ingestPrices","verb":"create","cancelRequested":false,"apiVersion":"v2"},"done":false}
[debug] [2026-05-01T02:51:54.720Z] Checked if tokens are valid: true, expires at: 1777607439737
[debug] [2026-05-01T02:51:54.720Z] Checked if tokens are valid: true, expires at: 1777607439737
[debug] [2026-05-01T02:51:54.720Z] >>> [apiv2][query] GET https://cloudfunctions.googleapis.com/v2/projects/vehicle-market-tracker/locations/us-central1/operations/operation-1777603914380-650b8a9de3335-b77e1cd3-6189eb0a [none]
[debug] [2026-05-01T02:51:54.980Z] <<< [apiv2][status] GET https://cloudfunctions.googleapis.com/v2/projects/vehicle-market-tracker/locations/us-central1/operations/operation-1777603914380-650b8a9de3335-b77e1cd3-6189eb0a 200
[debug] [2026-05-01T02:51:54.980Z] <<< [apiv2][body] GET https://cloudfunctions.googleapis.com/v2/projects/vehicle-market-tracker/locations/us-central1/operations/operation-1777603914380-650b8a9de3335-b77e1cd3-6189eb0a {"name":"projects/vehicle-market-tracker/locations/us-central1/operations/operation-1777603914380-650b8a9de3335-b77e1cd3-6189eb0a","metadata":{"@type":"type.googleapis.com/google.cloud.functions.v2.OperationMetadata","createTime":"2026-05-01T02:51:54.859245034Z","target":"projects/vehicle-market-tracker/locations/us-central1/functions/ingestPrices","verb":"create","cancelRequested":false,"apiVersion":"v2","requestResource":{"@type":"type.googleapis.com/google.cloud.functions.v2.Function","name":"projects/vehicle-market-tracker/locations/us-central1/functions/ingestPrices","buildConfig":{"runtime":"nodejs20","entryPoint":"ingestPrices","source":{"storageSource":{"bucket":"gcf-v2-sources-211740032292-us-central1","object":"ingestPrices/function-source.zip","generation":"1777603914612685"}},"environmentVariables":{"GOOGLE_NODE_RUN_SCRIPTS":""},"sourceToken":"Cldwcm9qZWN0cy8yMTE3NDAwMzIyOTIvbG9jYXRpb25zL3VzLWNlbnRyYWwxL2J1aWxkcy8wNjgzYTUxZC04ZmEwLTQ3MmYtYWViMS1lNTUxNzJiMDU2MDUSgwF1cy1jZW50cmFsMS1kb2NrZXIucGtnLmRldi92ZWhpY2xlLW1hcmtldC10cmFja2VyL2djZi1hcnRpZmFjdHMvdmVoaWNsZS0tbWFya2V0LS10cmFja2VyX191cy0tY2VudHJhbDFfX2NvbXB1dGVfYW5hbHl0aWNzOnZlcnNpb25fMRik+sHllAYiUHByb2plY3RzL3ZlaGljbGUtbWFya2V0LXRyYWNrZXIvbG9jYXRpb25zL3VzLWNlbnRyYWwxL2Z1bmN0aW9ucy9jb21wdXRlQW5hbHl0aWNzKgwIxarQzwYQuPvSlgMyCG5vZGVqczIwOnYKI2djci5pby9nYWUtcnVudGltZXMvbm9kZWpzMjA6c3RhYmxlEk91cy1jZW50cmFsMS1kb2NrZXIucGtnLmRldi9zZXJ2ZXJsZXNzLXJ1bnRpbWVzL2dvb2dsZS0yMi1mdWxsL3J1bnRpbWVzL25vZGVqczIwQAE=","serviceAccount":"projects/vehicle-market-tracker/serviceAccounts/211740032292-compute@developer.gserviceaccount.com","automaticUpdatePolicy":{}},"serviceConfig":{"service":"projects/vehicle-market-tracker/locations/us-central1/services/ingestprices","timeoutSeconds":60,"environmentVariables":{"FIREBASE_CONFIG":"{\"projectId\":\"vehicle-market-tracker\",\"storageBucket\":\"vehicle-market-tracker.firebasestorage.app\"}","GCLOUD_PROJECT":"vehicle-market-tracker","EVENTARC_CLOUD_EVENT_SOURCE":"projects/vehicle-market-tracker/locations/us-central1/services/ingestPrices","FUNCTION_SIGNATURE_TYPE":"cloudevent","FUNCTION_TARGET":"ingestPrices","LOG_EXECUTION_ID":"true"},"ingressSettings":"ALLOW_ALL","serviceAccountEmail":"211740032292-compute@developer.gserviceaccount.com","availableMemory":"256Mi","maxInstanceRequestConcurrency":80,"availableCpu":"1"},"eventTrigger":{"trigger":"projects/vehicle-market-tracker/locations/us-central1/triggers/ingestprices-116418","triggerRegion":"us-central1","eventType":"google.cloud.pubsub.topic.v1.messagePublished","pubsubTopic":"projects/vehicle-market-tracker/topics/price-ingest","serviceAccountEmail":"211740032292-compute@developer.gserviceaccount.com","retryPolicy":"RETRY_POLICY_DO_NOT_RETRY"},"labels":{"deployment-tool":"cli-firebase","firebase-functions-hash":"b9e601e3a77c0cdccc55caf920a83e1b76b00bd9"},"environment":"GEN_2"},"stages":[{"name":"BUILD","message":"Reusing build","state":"COMPLETE","resource":"projects/211740032292/locations/us-central1/builds/0683a51d-8fa0-472f-aeb1-e55172b05605","stateMessages":[{"severity":"WARNING","type":"BuildAnalysisWarning","message":"Node.js 20 is no longer supported by the Node.js community as of 30 April, 2026. Node.js 20 will be deprecated on 2026-04-30. We recommend you to upgrade to the latest version of Node.js as soon as possible."}]},{"name":"SERVICE","state":"NOT_STARTED"},{"name":"TRIGGER","state":"NOT_STARTED"}],"sourceToken":"Cldwcm9qZWN0cy8yMTE3NDAwMzIyOTIvbG9jYXRpb25zL3VzLWNlbnRyYWwxL2J1aWxkcy8wNjgzYTUxZC04ZmEwLTQ3MmYtYWViMS1lNTUxNzJiMDU2MDUSgwF1cy1jZW50cmFsMS1kb2NrZXIucGtnLmRldi92ZWhpY2xlLW1hcmtldC10cmFja2VyL2djZi1hcnRpZmFjdHMvdmVoaWNsZS0tbWFya2V0LS10cmFja2VyX191cy0tY2VudHJhbDFfX2NvbXB1dGVfYW5hbHl0aWNzOnZlcnNpb25fMRik+sHllAYiUHByb2plY3RzL3ZlaGljbGUtbWFya2V0LXRyYWNrZXIvbG9jYXRpb25zL3VzLWNlbnRyYWwxL2Z1bmN0aW9ucy9jb21wdXRlQW5hbHl0aWNzKgwIxarQzwYQuPvSlgMyCG5vZGVqczIwOnYKI2djci5pby9nYWUtcnVudGltZXMvbm9kZWpzMjA6c3RhYmxlEk91cy1jZW50cmFsMS1kb2NrZXIucGtnLmRldi9zZXJ2ZXJsZXNzLXJ1bnRpbWVzL2dvb2dsZS0yMi1mdWxsL3J1bnRpbWVzL25vZGVqczIwQAE=","operationType":"CREATE_FUNCTION","buildName":"projects/211740032292/locations/us-central1/builds/0683a51d-8fa0-472f-aeb1-e55172b05605"},"done":false}
[debug] [2026-05-01T02:51:54.980Z] Got source token Cldwcm9qZWN0cy8yMTE3NDAwMzIyOTIvbG9jYXRpb25zL3VzLWNlbnRyYWwxL2J1aWxkcy8wNjgzYTUxZC04ZmEwLTQ3MmYtYWViMS1lNTUxNzJiMDU2MDUSgwF1cy1jZW50cmFsMS1kb2NrZXIucGtnLmRldi92ZWhpY2xlLW1hcmtldC10cmFja2VyL2djZi1hcnRpZmFjdHMvdmVoaWNsZS0tbWFya2V0LS10cmFja2VyX191cy0tY2VudHJhbDFfX2NvbXB1dGVfYW5hbHl0aWNzOnZlcnNpb25fMRik+sHllAYiUHByb2plY3RzL3ZlaGljbGUtbWFya2V0LXRyYWNrZXIvbG9jYXRpb25zL3VzLWNlbnRyYWwxL2Z1bmN0aW9ucy9jb21wdXRlQW5hbHl0aWNzKgwIxarQzwYQuPvSlgMyCG5vZGVqczIwOnYKI2djci5pby9nYWUtcnVudGltZXMvbm9kZWpzMjA6c3RhYmxlEk91cy1jZW50cmFsMS1kb2NrZXIucGtnLmRldi9zZXJ2ZXJsZXNzLXJ1bnRpbWVzL2dvb2dsZS0yMi1mdWxsL3J1bnRpbWVzL25vZGVqczIwQAE= for region us-central1
[debug] [2026-05-01T02:51:54.980Z] <<< [apiv2][status] PATCH https://cloudfunctions.googleapis.com/v2/projects/vehicle-market-tracker/locations/us-central1/functions/ingestVehicles 200
[debug] [2026-05-01T02:51:54.980Z] <<< [apiv2][body] PATCH https://cloudfunctions.googleapis.com/v2/projects/vehicle-market-tracker/locations/us-central1/functions/ingestVehicles {"name":"projects/vehicle-market-tracker/locations/us-central1/operations/operation-1777603914292-650b8a9dcdc5e-ee0ab9e3-a3d9ebb6","metadata":{"@type":"type.googleapis.com/google.cloud.functions.v2.OperationMetadata","createTime":"2026-05-01T02:51:55.119793924Z","target":"projects/vehicle-market-tracker/locations/us-central1/functions/ingestVehicles","verb":"update","cancelRequested":false,"apiVersion":"v2"},"done":false}
[debug] [2026-05-01T02:51:54.981Z] Checked if tokens are valid: true, expires at: 1777607439737
[debug] [2026-05-01T02:51:54.981Z] Checked if tokens are valid: true, expires at: 1777607439737
[debug] [2026-05-01T02:51:54.981Z] >>> [apiv2][query] GET https://cloudfunctions.googleapis.com/v2/projects/vehicle-market-tracker/locations/us-central1/operations/operation-1777603914292-650b8a9dcdc5e-ee0ab9e3-a3d9ebb6 [none]
[debug] [2026-05-01T02:51:55.253Z] <<< [apiv2][status] GET https://cloudfunctions.googleapis.com/v2/projects/vehicle-market-tracker/locations/us-central1/operations/operation-1777603914292-650b8a9dcdc5e-ee0ab9e3-a3d9ebb6 200
[debug] [2026-05-01T02:51:55.254Z] <<< [apiv2][body] GET https://cloudfunctions.googleapis.com/v2/projects/vehicle-market-tracker/locations/us-central1/operations/operation-1777603914292-650b8a9dcdc5e-ee0ab9e3-a3d9ebb6 {"name":"projects/vehicle-market-tracker/locations/us-central1/operations/operation-1777603914292-650b8a9dcdc5e-ee0ab9e3-a3d9ebb6","metadata":{"@type":"type.googleapis.com/google.cloud.functions.v2.OperationMetadata","createTime":"2026-05-01T02:51:55.119793924Z","target":"projects/vehicle-market-tracker/locations/us-central1/functions/ingestVehicles","verb":"update","cancelRequested":false,"apiVersion":"v2","requestResource":{"@type":"type.googleapis.com/google.cloud.functions.v2.Function","name":"projects/vehicle-market-tracker/locations/us-central1/functions/ingestVehicles","buildConfig":{"runtime":"nodejs20","entryPoint":"ingestVehicles","source":{"storageSource":{"bucket":"gcf-v2-sources-211740032292-us-central1","object":"ingestVehicles/function-source.zip","generation":"1777603915068542"}},"environmentVariables":{"GOOGLE_NODE_RUN_SCRIPTS":""},"dockerRepository":"projects/vehicle-market-tracker/locations/us-central1/repositories/gcf-artifacts","sourceProvenance":{"resolvedStorageSource":{"bucket":"gcf-v2-sources-211740032292-us-central1","object":"ingestVehicles/function-source.zip","generation":"1777603756197968"}},"dockerRegistry":"ARTIFACT_REGISTRY","sourceToken":"Cldwcm9qZWN0cy8yMTE3NDAwMzIyOTIvbG9jYXRpb25zL3VzLWNlbnRyYWwxL2J1aWxkcy8wNjgzYTUxZC04ZmEwLTQ3MmYtYWViMS1lNTUxNzJiMDU2MDUSgwF1cy1jZW50cmFsMS1kb2NrZXIucGtnLmRldi92ZWhpY2xlLW1hcmtldC10cmFja2VyL2djZi1hcnRpZmFjdHMvdmVoaWNsZS0tbWFya2V0LS10cmFja2VyX191cy0tY2VudHJhbDFfX2NvbXB1dGVfYW5hbHl0aWNzOnZlcnNpb25fMRik+sHllAYiUHByb2plY3RzL3ZlaGljbGUtbWFya2V0LXRyYWNrZXIvbG9jYXRpb25zL3VzLWNlbnRyYWwxL2Z1bmN0aW9ucy9jb21wdXRlQW5hbHl0aWNzKgwIxarQzwYQuPvSlgMyCG5vZGVqczIwOnYKI2djci5pby9nYWUtcnVudGltZXMvbm9kZWpzMjA6c3RhYmxlEk91cy1jZW50cmFsMS1kb2NrZXIucGtnLmRldi9zZXJ2ZXJsZXNzLXJ1bnRpbWVzL2dvb2dsZS0yMi1mdWxsL3J1bnRpbWVzL25vZGVqczIwQAE=","serviceAccount":"projects/vehicle-market-tracker/serviceAccounts/211740032292-compute@developer.gserviceaccount.com","automaticUpdatePolicy":{}},"serviceConfig":{"service":"projects/vehicle-market-tracker/locations/us-central1/services/ingestvehicles","timeoutSeconds":60,"environmentVariables":{"GCLOUD_PROJECT":"vehicle-market-tracker","PUBSUB_TOPIC_PRICES":"price-ingest","LOG_EXECUTION_ID":"true","FIREBASE_CONFIG":"{\"projectId\":\"vehicle-market-tracker\",\"storageBucket\":\"vehicle-market-tracker.firebasestorage.app\"}","EVENTARC_CLOUD_EVENT_SOURCE":"projects/vehicle-market-tracker/locations/us-central1/services/ingestVehicles","FUNCTION_SIGNATURE_TYPE":"cloudevent","FUNCTION_TARGET":"ingestVehicles"},"ingressSettings":"ALLOW_ALL","uri":"https://ingestvehicles-yh4wiiiluq-uc.a.run.app","serviceAccountEmail":"211740032292-compute@developer.gserviceaccount.com","availableMemory":"256Mi","allTrafficOnLatestRevision":true,"revision":"ingestvehicles-00001-dul","maxInstanceRequestConcurrency":1,"availableCpu":"0.1666"},"eventTrigger":{"trigger":"projects/vehicle-market-tracker/locations/us-central1/triggers/ingestvehicles-702645","triggerRegion":"us-central1","eventType":"google.cloud.pubsub.topic.v1.messagePublished","pubsubTopic":"projects/vehicle-market-tracker/topics/vehicle-ingest","serviceAccountEmail":"211740032292-compute@developer.gserviceaccount.com","retryPolicy":"RETRY_POLICY_DO_NOT_RETRY"},"state":"ACTIVE","labels":{"deployment-tool":"gcloud","firebase-functions-hash":"b9e601e3a77c0cdccc55caf920a83e1b76b00bd9"},"environment":"GEN_2","url":"https://us-central1-vehicle-market-tracker.cloudfunctions.net/ingestVehicles","satisfiesPzi":true},"stages":[{"name":"BUILD","message":"Reusing build","state":"COMPLETE","resource":"projects/211740032292/locations/us-central1/builds/0683a51d-8fa0-472f-aeb1-e55172b05605","stateMessages":[{"severity":"WARNING","type":"BuildAnalysisWarning","message":"Node.js 20 is no longer supported by the Node.js community as of 30 April, 2026. Node.js 20 will be deprecated on 2026-04-30. We recommend you to upgrade to the latest version of Node.js as soon as possible."}]},{"name":"SERVICE","state":"NOT_STARTED"},{"name":"TRIGGER","state":"NOT_STARTED"}],"sourceToken":"Cldwcm9qZWN0cy8yMTE3NDAwMzIyOTIvbG9jYXRpb25zL3VzLWNlbnRyYWwxL2J1aWxkcy8wNjgzYTUxZC04ZmEwLTQ3MmYtYWViMS1lNTUxNzJiMDU2MDUSgwF1cy1jZW50cmFsMS1kb2NrZXIucGtnLmRldi92ZWhpY2xlLW1hcmtldC10cmFja2VyL2djZi1hcnRpZmFjdHMvdmVoaWNsZS0tbWFya2V0LS10cmFja2VyX191cy0tY2VudHJhbDFfX2NvbXB1dGVfYW5hbHl0aWNzOnZlcnNpb25fMRik+sHllAYiUHByb2plY3RzL3ZlaGljbGUtbWFya2V0LXRyYWNrZXIvbG9jYXRpb25zL3VzLWNlbnRyYWwxL2Z1bmN0aW9ucy9jb21wdXRlQW5hbHl0aWNzKgwIxarQzwYQuPvSlgMyCG5vZGVqczIwOnYKI2djci5pby9nYWUtcnVudGltZXMvbm9kZWpzMjA6c3RhYmxlEk91cy1jZW50cmFsMS1kb2NrZXIucGtnLmRldi9zZXJ2ZXJsZXNzLXJ1bnRpbWVzL2dvb2dsZS0yMi1mdWxsL3J1bnRpbWVzL25vZGVqczIwQAE=","operationType":"UPDATE_FUNCTION","buildName":"projects/211740032292/locations/us-central1/builds/0683a51d-8fa0-472f-aeb1-e55172b05605"},"done":false}
[debug] [2026-05-01T02:51:55.254Z] Got source token Cldwcm9qZWN0cy8yMTE3NDAwMzIyOTIvbG9jYXRpb25zL3VzLWNlbnRyYWwxL2J1aWxkcy8wNjgzYTUxZC04ZmEwLTQ3MmYtYWViMS1lNTUxNzJiMDU2MDUSgwF1cy1jZW50cmFsMS1kb2NrZXIucGtnLmRldi92ZWhpY2xlLW1hcmtldC10cmFja2VyL2djZi1hcnRpZmFjdHMvdmVoaWNsZS0tbWFya2V0LS10cmFja2VyX191cy0tY2VudHJhbDFfX2NvbXB1dGVfYW5hbHl0aWNzOnZlcnNpb25fMRik+sHllAYiUHByb2plY3RzL3ZlaGljbGUtbWFya2V0LXRyYWNrZXIvbG9jYXRpb25zL3VzLWNlbnRyYWwxL2Z1bmN0aW9ucy9jb21wdXRlQW5hbHl0aWNzKgwIxarQzwYQuPvSlgMyCG5vZGVqczIwOnYKI2djci5pby9nYWUtcnVudGltZXMvbm9kZWpzMjA6c3RhYmxlEk91cy1jZW50cmFsMS1kb2NrZXIucGtnLmRldi9zZXJ2ZXJsZXNzLXJ1bnRpbWVzL2dvb2dsZS0yMi1mdWxsL3J1bnRpbWVzL25vZGVqczIwQAE= for region us-central1
[debug] [2026-05-01T02:51:55.494Z] [create-default-us-central1-ingestPrices] Retrying task index 0
[debug] [2026-05-01T02:51:55.494Z] Checked if tokens are valid: true, expires at: 1777607439737
[debug] [2026-05-01T02:51:55.494Z] Checked if tokens are valid: true, expires at: 1777607439737
[debug] [2026-05-01T02:51:55.494Z] >>> [apiv2][query] GET https://cloudfunctions.googleapis.com/v2/projects/vehicle-market-tracker/locations/us-central1/operations/operation-1777603914380-650b8a9de3335-b77e1cd3-6189eb0a [none]
[debug] [2026-05-01T02:51:55.756Z] [update-default-us-central1-ingestVehicles] Retrying task index 0
[debug] [2026-05-01T02:51:55.756Z] Checked if tokens are valid: true, expires at: 1777607439737
[debug] [2026-05-01T02:51:55.756Z] Checked if tokens are valid: true, expires at: 1777607439737
[debug] [2026-05-01T02:51:55.756Z] >>> [apiv2][query] GET https://cloudfunctions.googleapis.com/v2/projects/vehicle-market-tracker/locations/us-central1/operations/operation-1777603914292-650b8a9dcdc5e-ee0ab9e3-a3d9ebb6 [none]
[debug] [2026-05-01T02:51:55.757Z] <<< [apiv2][status] GET https://cloudfunctions.googleapis.com/v2/projects/vehicle-market-tracker/locations/us-central1/operations/operation-1777603914380-650b8a9de3335-b77e1cd3-6189eb0a 200
[debug] [2026-05-01T02:51:55.758Z] <<< [apiv2][body] GET https://cloudfunctions.googleapis.com/v2/projects/vehicle-market-tracker/locations/us-central1/operations/operation-1777603914380-650b8a9de3335-b77e1cd3-6189eb0a {"name":"projects/vehicle-market-tracker/locations/us-central1/operations/operation-1777603914380-650b8a9de3335-b77e1cd3-6189eb0a","metadata":{"@type":"type.googleapis.com/google.cloud.functions.v2.OperationMetadata","createTime":"2026-05-01T02:51:54.859245034Z","target":"projects/vehicle-market-tracker/locations/us-central1/functions/ingestPrices","verb":"create","cancelRequested":false,"apiVersion":"v2","requestResource":{"@type":"type.googleapis.com/google.cloud.functions.v2.Function","name":"projects/vehicle-market-tracker/locations/us-central1/functions/ingestPrices","buildConfig":{"runtime":"nodejs20","entryPoint":"ingestPrices","source":{"storageSource":{"bucket":"gcf-v2-sources-211740032292-us-central1","object":"ingestPrices/function-source.zip","generation":"1777603914612685"}},"environmentVariables":{"GOOGLE_NODE_RUN_SCRIPTS":""},"sourceToken":"Cldwcm9qZWN0cy8yMTE3NDAwMzIyOTIvbG9jYXRpb25zL3VzLWNlbnRyYWwxL2J1aWxkcy8wNjgzYTUxZC04ZmEwLTQ3MmYtYWViMS1lNTUxNzJiMDU2MDUSgwF1cy1jZW50cmFsMS1kb2NrZXIucGtnLmRldi92ZWhpY2xlLW1hcmtldC10cmFja2VyL2djZi1hcnRpZmFjdHMvdmVoaWNsZS0tbWFya2V0LS10cmFja2VyX191cy0tY2VudHJhbDFfX2NvbXB1dGVfYW5hbHl0aWNzOnZlcnNpb25fMRik+sHllAYiUHByb2plY3RzL3ZlaGljbGUtbWFya2V0LXRyYWNrZXIvbG9jYXRpb25zL3VzLWNlbnRyYWwxL2Z1bmN0aW9ucy9jb21wdXRlQW5hbHl0aWNzKgwIxarQzwYQuPvSlgMyCG5vZGVqczIwOnYKI2djci5pby9nYWUtcnVudGltZXMvbm9kZWpzMjA6c3RhYmxlEk91cy1jZW50cmFsMS1kb2NrZXIucGtnLmRldi9zZXJ2ZXJsZXNzLXJ1bnRpbWVzL2dvb2dsZS0yMi1mdWxsL3J1bnRpbWVzL25vZGVqczIwQAE=","serviceAccount":"projects/vehicle-market-tracker/serviceAccounts/211740032292-compute@developer.gserviceaccount.com","automaticUpdatePolicy":{}},"serviceConfig":{"service":"projects/vehicle-market-tracker/locations/us-central1/services/ingestprices","timeoutSeconds":60,"environmentVariables":{"FIREBASE_CONFIG":"{\"projectId\":\"vehicle-market-tracker\",\"storageBucket\":\"vehicle-market-tracker.firebasestorage.app\"}","GCLOUD_PROJECT":"vehicle-market-tracker","EVENTARC_CLOUD_EVENT_SOURCE":"projects/vehicle-market-tracker/locations/us-central1/services/ingestPrices","FUNCTION_SIGNATURE_TYPE":"cloudevent","FUNCTION_TARGET":"ingestPrices","LOG_EXECUTION_ID":"true"},"ingressSettings":"ALLOW_ALL","serviceAccountEmail":"211740032292-compute@developer.gserviceaccount.com","availableMemory":"256Mi","maxInstanceRequestConcurrency":80,"availableCpu":"1"},"eventTrigger":{"trigger":"projects/vehicle-market-tracker/locations/us-central1/triggers/ingestprices-116418","triggerRegion":"us-central1","eventType":"google.cloud.pubsub.topic.v1.messagePublished","pubsubTopic":"projects/vehicle-market-tracker/topics/price-ingest","serviceAccountEmail":"211740032292-compute@developer.gserviceaccount.com","retryPolicy":"RETRY_POLICY_DO_NOT_RETRY"},"labels":{"deployment-tool":"cli-firebase","firebase-functions-hash":"b9e601e3a77c0cdccc55caf920a83e1b76b00bd9"},"environment":"GEN_2"},"stages":[{"name":"BUILD","message":"Reusing build","state":"COMPLETE","resource":"projects/211740032292/locations/us-central1/builds/0683a51d-8fa0-472f-aeb1-e55172b05605","stateMessages":[{"severity":"WARNING","type":"BuildAnalysisWarning","message":"Node.js 20 is no longer supported by the Node.js community as of 30 April, 2026. Node.js 20 will be deprecated on 2026-04-30. We recommend you to upgrade to the latest version of Node.js as soon as possible."}]},{"name":"SERVICE","message":"Creating Cloud Run service","state":"IN_PROGRESS","resource":"projects/vehicle-market-tracker/locations/us-central1/services/ingestprices","resourceUri":"https://console.cloud.google.com/run/detail/us-central1/ingestprices?project=vehicle-market-tracker"},{"name":"TRIGGER","state":"NOT_STARTED"}],"sourceToken":"Cldwcm9qZWN0cy8yMTE3NDAwMzIyOTIvbG9jYXRpb25zL3VzLWNlbnRyYWwxL2J1aWxkcy8wNjgzYTUxZC04ZmEwLTQ3MmYtYWViMS1lNTUxNzJiMDU2MDUSgwF1cy1jZW50cmFsMS1kb2NrZXIucGtnLmRldi92ZWhpY2xlLW1hcmtldC10cmFja2VyL2djZi1hcnRpZmFjdHMvdmVoaWNsZS0tbWFya2V0LS10cmFja2VyX191cy0tY2VudHJhbDFfX2NvbXB1dGVfYW5hbHl0aWNzOnZlcnNpb25fMRik+sHllAYiUHByb2plY3RzL3ZlaGljbGUtbWFya2V0LXRyYWNrZXIvbG9jYXRpb25zL3VzLWNlbnRyYWwxL2Z1bmN0aW9ucy9jb21wdXRlQW5hbHl0aWNzKgwIxarQzwYQuPvSlgMyCG5vZGVqczIwOnYKI2djci5pby9nYWUtcnVudGltZXMvbm9kZWpzMjA6c3RhYmxlEk91cy1jZW50cmFsMS1kb2NrZXIucGtnLmRldi9zZXJ2ZXJsZXNzLXJ1bnRpbWVzL2dvb2dsZS0yMi1mdWxsL3J1bnRpbWVzL25vZGVqczIwQAE=","operationType":"CREATE_FUNCTION","buildName":"projects/211740032292/locations/us-central1/builds/0683a51d-8fa0-472f-aeb1-e55172b05605"},"done":false}
[debug] [2026-05-01T02:51:55.758Z] Got source token Cldwcm9qZWN0cy8yMTE3NDAwMzIyOTIvbG9jYXRpb25zL3VzLWNlbnRyYWwxL2J1aWxkcy8wNjgzYTUxZC04ZmEwLTQ3MmYtYWViMS1lNTUxNzJiMDU2MDUSgwF1cy1jZW50cmFsMS1kb2NrZXIucGtnLmRldi92ZWhpY2xlLW1hcmtldC10cmFja2VyL2djZi1hcnRpZmFjdHMvdmVoaWNsZS0tbWFya2V0LS10cmFja2VyX191cy0tY2VudHJhbDFfX2NvbXB1dGVfYW5hbHl0aWNzOnZlcnNpb25fMRik+sHllAYiUHByb2plY3RzL3ZlaGljbGUtbWFya2V0LXRyYWNrZXIvbG9jYXRpb25zL3VzLWNlbnRyYWwxL2Z1bmN0aW9ucy9jb21wdXRlQW5hbHl0aWNzKgwIxarQzwYQuPvSlgMyCG5vZGVqczIwOnYKI2djci5pby9nYWUtcnVudGltZXMvbm9kZWpzMjA6c3RhYmxlEk91cy1jZW50cmFsMS1kb2NrZXIucGtnLmRldi9zZXJ2ZXJsZXNzLXJ1bnRpbWVzL2dvb2dsZS0yMi1mdWxsL3J1bnRpbWVzL25vZGVqczIwQAE= for region us-central1
[debug] [2026-05-01T02:51:56.036Z] <<< [apiv2][status] GET https://cloudfunctions.googleapis.com/v2/projects/vehicle-market-tracker/locations/us-central1/operations/operation-1777603914292-650b8a9dcdc5e-ee0ab9e3-a3d9ebb6 200
[debug] [2026-05-01T02:51:56.036Z] <<< [apiv2][body] GET https://cloudfunctions.googleapis.com/v2/projects/vehicle-market-tracker/locations/us-central1/operations/operation-1777603914292-650b8a9dcdc5e-ee0ab9e3-a3d9ebb6 {"name":"projects/vehicle-market-tracker/locations/us-central1/operations/operation-1777603914292-650b8a9dcdc5e-ee0ab9e3-a3d9ebb6","metadata":{"@type":"type.googleapis.com/google.cloud.functions.v2.OperationMetadata","createTime":"2026-05-01T02:51:55.119793924Z","target":"projects/vehicle-market-tracker/locations/us-central1/functions/ingestVehicles","verb":"update","cancelRequested":false,"apiVersion":"v2","requestResource":{"@type":"type.googleapis.com/google.cloud.functions.v2.Function","name":"projects/vehicle-market-tracker/locations/us-central1/functions/ingestVehicles","buildConfig":{"runtime":"nodejs20","entryPoint":"ingestVehicles","source":{"storageSource":{"bucket":"gcf-v2-sources-211740032292-us-central1","object":"ingestVehicles/function-source.zip","generation":"1777603915068542"}},"environmentVariables":{"GOOGLE_NODE_RUN_SCRIPTS":""},"dockerRepository":"projects/vehicle-market-tracker/locations/us-central1/repositories/gcf-artifacts","sourceProvenance":{"resolvedStorageSource":{"bucket":"gcf-v2-sources-211740032292-us-central1","object":"ingestVehicles/function-source.zip","generation":"1777603756197968"}},"dockerRegistry":"ARTIFACT_REGISTRY","sourceToken":"Cldwcm9qZWN0cy8yMTE3NDAwMzIyOTIvbG9jYXRpb25zL3VzLWNlbnRyYWwxL2J1aWxkcy8wNjgzYTUxZC04ZmEwLTQ3MmYtYWViMS1lNTUxNzJiMDU2MDUSgwF1cy1jZW50cmFsMS1kb2NrZXIucGtnLmRldi92ZWhpY2xlLW1hcmtldC10cmFja2VyL2djZi1hcnRpZmFjdHMvdmVoaWNsZS0tbWFya2V0LS10cmFja2VyX191cy0tY2VudHJhbDFfX2NvbXB1dGVfYW5hbHl0aWNzOnZlcnNpb25fMRik+sHllAYiUHByb2plY3RzL3ZlaGljbGUtbWFya2V0LXRyYWNrZXIvbG9jYXRpb25zL3VzLWNlbnRyYWwxL2Z1bmN0aW9ucy9jb21wdXRlQW5hbHl0aWNzKgwIxarQzwYQuPvSlgMyCG5vZGVqczIwOnYKI2djci5pby9nYWUtcnVudGltZXMvbm9kZWpzMjA6c3RhYmxlEk91cy1jZW50cmFsMS1kb2NrZXIucGtnLmRldi9zZXJ2ZXJsZXNzLXJ1bnRpbWVzL2dvb2dsZS0yMi1mdWxsL3J1bnRpbWVzL25vZGVqczIwQAE=","serviceAccount":"projects/vehicle-market-tracker/serviceAccounts/211740032292-compute@developer.gserviceaccount.com","automaticUpdatePolicy":{}},"serviceConfig":{"service":"projects/vehicle-market-tracker/locations/us-central1/services/ingestvehicles","timeoutSeconds":60,"environmentVariables":{"GCLOUD_PROJECT":"vehicle-market-tracker","PUBSUB_TOPIC_PRICES":"price-ingest","LOG_EXECUTION_ID":"true","FIREBASE_CONFIG":"{\"projectId\":\"vehicle-market-tracker\",\"storageBucket\":\"vehicle-market-tracker.firebasestorage.app\"}","EVENTARC_CLOUD_EVENT_SOURCE":"projects/vehicle-market-tracker/locations/us-central1/services/ingestVehicles","FUNCTION_SIGNATURE_TYPE":"cloudevent","FUNCTION_TARGET":"ingestVehicles"},"ingressSettings":"ALLOW_ALL","uri":"https://ingestvehicles-yh4wiiiluq-uc.a.run.app","serviceAccountEmail":"211740032292-compute@developer.gserviceaccount.com","availableMemory":"256Mi","allTrafficOnLatestRevision":true,"revision":"ingestvehicles-00001-dul","maxInstanceRequestConcurrency":1,"availableCpu":"0.1666"},"eventTrigger":{"trigger":"projects/vehicle-market-tracker/locations/us-central1/triggers/ingestvehicles-702645","triggerRegion":"us-central1","eventType":"google.cloud.pubsub.topic.v1.messagePublished","pubsubTopic":"projects/vehicle-market-tracker/topics/vehicle-ingest","serviceAccountEmail":"211740032292-compute@developer.gserviceaccount.com","retryPolicy":"RETRY_POLICY_DO_NOT_RETRY"},"state":"ACTIVE","labels":{"deployment-tool":"gcloud","firebase-functions-hash":"b9e601e3a77c0cdccc55caf920a83e1b76b00bd9"},"environment":"GEN_2","url":"https://us-central1-vehicle-market-tracker.cloudfunctions.net/ingestVehicles","satisfiesPzi":true},"stages":[{"name":"BUILD","message":"Reusing build","state":"COMPLETE","resource":"projects/211740032292/locations/us-central1/builds/0683a51d-8fa0-472f-aeb1-e55172b05605","stateMessages":[{"severity":"WARNING","type":"BuildAnalysisWarning","message":"Node.js 20 is no longer supported by the Node.js community as of 30 April, 2026. Node.js 20 will be deprecated on 2026-04-30. We recommend you to upgrade to the latest version of Node.js as soon as possible."}]},{"name":"SERVICE","message":"Updating Cloud Run service","state":"IN_PROGRESS","resource":"projects/vehicle-market-tracker/locations/us-central1/services/ingestvehicles","resourceUri":"https://console.cloud.google.com/run/detail/us-central1/ingestvehicles?project=vehicle-market-tracker","stateMessages":[{"severity":"INFO","type":"CloudRunServiceNewRevisionTrafficInfo","message":"A new revision will be deployed serving with 100% traffic."}]},{"name":"TRIGGER","state":"NOT_STARTED"}],"sourceToken":"Cldwcm9qZWN0cy8yMTE3NDAwMzIyOTIvbG9jYXRpb25zL3VzLWNlbnRyYWwxL2J1aWxkcy8wNjgzYTUxZC04ZmEwLTQ3MmYtYWViMS1lNTUxNzJiMDU2MDUSgwF1cy1jZW50cmFsMS1kb2NrZXIucGtnLmRldi92ZWhpY2xlLW1hcmtldC10cmFja2VyL2djZi1hcnRpZmFjdHMvdmVoaWNsZS0tbWFya2V0LS10cmFja2VyX191cy0tY2VudHJhbDFfX2NvbXB1dGVfYW5hbHl0aWNzOnZlcnNpb25fMRik+sHllAYiUHByb2plY3RzL3ZlaGljbGUtbWFya2V0LXRyYWNrZXIvbG9jYXRpb25zL3VzLWNlbnRyYWwxL2Z1bmN0aW9ucy9jb21wdXRlQW5hbHl0aWNzKgwIxarQzwYQuPvSlgMyCG5vZGVqczIwOnYKI2djci5pby9nYWUtcnVudGltZXMvbm9kZWpzMjA6c3RhYmxlEk91cy1jZW50cmFsMS1kb2NrZXIucGtnLmRldi9zZXJ2ZXJsZXNzLXJ1bnRpbWVzL2dvb2dsZS0yMi1mdWxsL3J1bnRpbWVzL25vZGVqczIwQAE=","operationType":"UPDATE_FUNCTION","buildName":"projects/211740032292/locations/us-central1/builds/0683a51d-8fa0-472f-aeb1-e55172b05605"},"done":false}
[debug] [2026-05-01T02:51:56.036Z] Got source token Cldwcm9qZWN0cy8yMTE3NDAwMzIyOTIvbG9jYXRpb25zL3VzLWNlbnRyYWwxL2J1aWxkcy8wNjgzYTUxZC04ZmEwLTQ3MmYtYWViMS1lNTUxNzJiMDU2MDUSgwF1cy1jZW50cmFsMS1kb2NrZXIucGtnLmRldi92ZWhpY2xlLW1hcmtldC10cmFja2VyL2djZi1hcnRpZmFjdHMvdmVoaWNsZS0tbWFya2V0LS10cmFja2VyX191cy0tY2VudHJhbDFfX2NvbXB1dGVfYW5hbHl0aWNzOnZlcnNpb25fMRik+sHllAYiUHByb2plY3RzL3ZlaGljbGUtbWFya2V0LXRyYWNrZXIvbG9jYXRpb25zL3VzLWNlbnRyYWwxL2Z1bmN0aW9ucy9jb21wdXRlQW5hbHl0aWNzKgwIxarQzwYQuPvSlgMyCG5vZGVqczIwOnYKI2djci5pby9nYWUtcnVudGltZXMvbm9kZWpzMjA6c3RhYmxlEk91cy1jZW50cmFsMS1kb2NrZXIucGtnLmRldi9zZXJ2ZXJsZXNzLXJ1bnRpbWVzL2dvb2dsZS0yMi1mdWxsL3J1bnRpbWVzL25vZGVqczIwQAE= for region us-central1
[debug] [2026-05-01T02:51:56.758Z] [create-default-us-central1-ingestPrices] Retrying task index 0
[debug] [2026-05-01T02:51:56.758Z] Checked if tokens are valid: true, expires at: 1777607439737
[debug] [2026-05-01T02:51:56.758Z] Checked if tokens are valid: true, expires at: 1777607439737
[debug] [2026-05-01T02:51:56.758Z] >>> [apiv2][query] GET https://cloudfunctions.googleapis.com/v2/projects/vehicle-market-tracker/locations/us-central1/operations/operation-1777603914380-650b8a9de3335-b77e1cd3-6189eb0a [none]
[debug] [2026-05-01T02:51:57.018Z] <<< [apiv2][status] GET https://cloudfunctions.googleapis.com/v2/projects/vehicle-market-tracker/locations/us-central1/operations/operation-1777603914380-650b8a9de3335-b77e1cd3-6189eb0a 200
[debug] [2026-05-01T02:51:57.018Z] <<< [apiv2][body] GET https://cloudfunctions.googleapis.com/v2/projects/vehicle-market-tracker/locations/us-central1/operations/operation-1777603914380-650b8a9de3335-b77e1cd3-6189eb0a {"name":"projects/vehicle-market-tracker/locations/us-central1/operations/operation-1777603914380-650b8a9de3335-b77e1cd3-6189eb0a","metadata":{"@type":"type.googleapis.com/google.cloud.functions.v2.OperationMetadata","createTime":"2026-05-01T02:51:54.859245034Z","target":"projects/vehicle-market-tracker/locations/us-central1/functions/ingestPrices","verb":"create","cancelRequested":false,"apiVersion":"v2","requestResource":{"@type":"type.googleapis.com/google.cloud.functions.v2.Function","name":"projects/vehicle-market-tracker/locations/us-central1/functions/ingestPrices","buildConfig":{"runtime":"nodejs20","entryPoint":"ingestPrices","source":{"storageSource":{"bucket":"gcf-v2-sources-211740032292-us-central1","object":"ingestPrices/function-source.zip","generation":"1777603914612685"}},"environmentVariables":{"GOOGLE_NODE_RUN_SCRIPTS":""},"sourceToken":"Cldwcm9qZWN0cy8yMTE3NDAwMzIyOTIvbG9jYXRpb25zL3VzLWNlbnRyYWwxL2J1aWxkcy8wNjgzYTUxZC04ZmEwLTQ3MmYtYWViMS1lNTUxNzJiMDU2MDUSgwF1cy1jZW50cmFsMS1kb2NrZXIucGtnLmRldi92ZWhpY2xlLW1hcmtldC10cmFja2VyL2djZi1hcnRpZmFjdHMvdmVoaWNsZS0tbWFya2V0LS10cmFja2VyX191cy0tY2VudHJhbDFfX2NvbXB1dGVfYW5hbHl0aWNzOnZlcnNpb25fMRik+sHllAYiUHByb2plY3RzL3ZlaGljbGUtbWFya2V0LXRyYWNrZXIvbG9jYXRpb25zL3VzLWNlbnRyYWwxL2Z1bmN0aW9ucy9jb21wdXRlQW5hbHl0aWNzKgwIxarQzwYQuPvSlgMyCG5vZGVqczIwOnYKI2djci5pby9nYWUtcnVudGltZXMvbm9kZWpzMjA6c3RhYmxlEk91cy1jZW50cmFsMS1kb2NrZXIucGtnLmRldi9zZXJ2ZXJsZXNzLXJ1bnRpbWVzL2dvb2dsZS0yMi1mdWxsL3J1bnRpbWVzL25vZGVqczIwQAE=","serviceAccount":"projects/vehicle-market-tracker/serviceAccounts/211740032292-compute@developer.gserviceaccount.com","automaticUpdatePolicy":{}},"serviceConfig":{"service":"projects/vehicle-market-tracker/locations/us-central1/services/ingestprices","timeoutSeconds":60,"environmentVariables":{"FIREBASE_CONFIG":"{\"projectId\":\"vehicle-market-tracker\",\"storageBucket\":\"vehicle-market-tracker.firebasestorage.app\"}","GCLOUD_PROJECT":"vehicle-market-tracker","EVENTARC_CLOUD_EVENT_SOURCE":"projects/vehicle-market-tracker/locations/us-central1/services/ingestPrices","FUNCTION_SIGNATURE_TYPE":"cloudevent","FUNCTION_TARGET":"ingestPrices","LOG_EXECUTION_ID":"true"},"ingressSettings":"ALLOW_ALL","serviceAccountEmail":"211740032292-compute@developer.gserviceaccount.com","availableMemory":"256Mi","maxInstanceRequestConcurrency":80,"availableCpu":"1"},"eventTrigger":{"trigger":"projects/vehicle-market-tracker/locations/us-central1/triggers/ingestprices-116418","triggerRegion":"us-central1","eventType":"google.cloud.pubsub.topic.v1.messagePublished","pubsubTopic":"projects/vehicle-market-tracker/topics/price-ingest","serviceAccountEmail":"211740032292-compute@developer.gserviceaccount.com","retryPolicy":"RETRY_POLICY_DO_NOT_RETRY"},"labels":{"deployment-tool":"cli-firebase","firebase-functions-hash":"b9e601e3a77c0cdccc55caf920a83e1b76b00bd9"},"environment":"GEN_2"},"stages":[{"name":"BUILD","message":"Reusing build","state":"COMPLETE","resource":"projects/211740032292/locations/us-central1/builds/0683a51d-8fa0-472f-aeb1-e55172b05605","stateMessages":[{"severity":"WARNING","type":"BuildAnalysisWarning","message":"Node.js 20 is no longer supported by the Node.js community as of 30 April, 2026. Node.js 20 will be deprecated on 2026-04-30. We recommend you to upgrade to the latest version of Node.js as soon as possible."}]},{"name":"SERVICE","message":"Creating Cloud Run service","state":"IN_PROGRESS","resource":"projects/vehicle-market-tracker/locations/us-central1/services/ingestprices","resourceUri":"https://console.cloud.google.com/run/detail/us-central1/ingestprices?project=vehicle-market-tracker"},{"name":"TRIGGER","state":"NOT_STARTED"}],"sourceToken":"Cldwcm9qZWN0cy8yMTE3NDAwMzIyOTIvbG9jYXRpb25zL3VzLWNlbnRyYWwxL2J1aWxkcy8wNjgzYTUxZC04ZmEwLTQ3MmYtYWViMS1lNTUxNzJiMDU2MDUSgwF1cy1jZW50cmFsMS1kb2NrZXIucGtnLmRldi92ZWhpY2xlLW1hcmtldC10cmFja2VyL2djZi1hcnRpZmFjdHMvdmVoaWNsZS0tbWFya2V0LS10cmFja2VyX191cy0tY2VudHJhbDFfX2NvbXB1dGVfYW5hbHl0aWNzOnZlcnNpb25fMRik+sHllAYiUHByb2plY3RzL3ZlaGljbGUtbWFya2V0LXRyYWNrZXIvbG9jYXRpb25zL3VzLWNlbnRyYWwxL2Z1bmN0aW9ucy9jb21wdXRlQW5hbHl0aWNzKgwIxarQzwYQuPvSlgMyCG5vZGVqczIwOnYKI2djci5pby9nYWUtcnVudGltZXMvbm9kZWpzMjA6c3RhYmxlEk91cy1jZW50cmFsMS1kb2NrZXIucGtnLmRldi9zZXJ2ZXJsZXNzLXJ1bnRpbWVzL2dvb2dsZS0yMi1mdWxsL3J1bnRpbWVzL25vZGVqczIwQAE=","operationType":"CREATE_FUNCTION","buildName":"projects/211740032292/locations/us-central1/builds/0683a51d-8fa0-472f-aeb1-e55172b05605"},"done":false}
[debug] [2026-05-01T02:51:57.018Z] Got source token Cldwcm9qZWN0cy8yMTE3NDAwMzIyOTIvbG9jYXRpb25zL3VzLWNlbnRyYWwxL2J1aWxkcy8wNjgzYTUxZC04ZmEwLTQ3MmYtYWViMS1lNTUxNzJiMDU2MDUSgwF1cy1jZW50cmFsMS1kb2NrZXIucGtnLmRldi92ZWhpY2xlLW1hcmtldC10cmFja2VyL2djZi1hcnRpZmFjdHMvdmVoaWNsZS0tbWFya2V0LS10cmFja2VyX191cy0tY2VudHJhbDFfX2NvbXB1dGVfYW5hbHl0aWNzOnZlcnNpb25fMRik+sHllAYiUHByb2plY3RzL3ZlaGljbGUtbWFya2V0LXRyYWNrZXIvbG9jYXRpb25zL3VzLWNlbnRyYWwxL2Z1bmN0aW9ucy9jb21wdXRlQW5hbHl0aWNzKgwIxarQzwYQuPvSlgMyCG5vZGVqczIwOnYKI2djci5pby9nYWUtcnVudGltZXMvbm9kZWpzMjA6c3RhYmxlEk91cy1jZW50cmFsMS1kb2NrZXIucGtnLmRldi9zZXJ2ZXJsZXNzLXJ1bnRpbWVzL2dvb2dsZS0yMi1mdWxsL3J1bnRpbWVzL25vZGVqczIwQAE= for region us-central1
[debug] [2026-05-01T02:51:57.038Z] [update-default-us-central1-ingestVehicles] Retrying task index 0
[debug] [2026-05-01T02:51:57.038Z] Checked if tokens are valid: true, expires at: 1777607439737
[debug] [2026-05-01T02:51:57.038Z] Checked if tokens are valid: true, expires at: 1777607439737
[debug] [2026-05-01T02:51:57.038Z] >>> [apiv2][query] GET https://cloudfunctions.googleapis.com/v2/projects/vehicle-market-tracker/locations/us-central1/operations/operation-1777603914292-650b8a9dcdc5e-ee0ab9e3-a3d9ebb6 [none]
[debug] [2026-05-01T02:51:57.302Z] <<< [apiv2][status] GET https://cloudfunctions.googleapis.com/v2/projects/vehicle-market-tracker/locations/us-central1/operations/operation-1777603914292-650b8a9dcdc5e-ee0ab9e3-a3d9ebb6 200
[debug] [2026-05-01T02:51:57.302Z] <<< [apiv2][body] GET https://cloudfunctions.googleapis.com/v2/projects/vehicle-market-tracker/locations/us-central1/operations/operation-1777603914292-650b8a9dcdc5e-ee0ab9e3-a3d9ebb6 {"name":"projects/vehicle-market-tracker/locations/us-central1/operations/operation-1777603914292-650b8a9dcdc5e-ee0ab9e3-a3d9ebb6","metadata":{"@type":"type.googleapis.com/google.cloud.functions.v2.OperationMetadata","createTime":"2026-05-01T02:51:55.119793924Z","target":"projects/vehicle-market-tracker/locations/us-central1/functions/ingestVehicles","verb":"update","cancelRequested":false,"apiVersion":"v2","requestResource":{"@type":"type.googleapis.com/google.cloud.functions.v2.Function","name":"projects/vehicle-market-tracker/locations/us-central1/functions/ingestVehicles","buildConfig":{"runtime":"nodejs20","entryPoint":"ingestVehicles","source":{"storageSource":{"bucket":"gcf-v2-sources-211740032292-us-central1","object":"ingestVehicles/function-source.zip","generation":"1777603915068542"}},"environmentVariables":{"GOOGLE_NODE_RUN_SCRIPTS":""},"dockerRepository":"projects/vehicle-market-tracker/locations/us-central1/repositories/gcf-artifacts","sourceProvenance":{"resolvedStorageSource":{"bucket":"gcf-v2-sources-211740032292-us-central1","object":"ingestVehicles/function-source.zip","generation":"1777603756197968"}},"dockerRegistry":"ARTIFACT_REGISTRY","sourceToken":"Cldwcm9qZWN0cy8yMTE3NDAwMzIyOTIvbG9jYXRpb25zL3VzLWNlbnRyYWwxL2J1aWxkcy8wNjgzYTUxZC04ZmEwLTQ3MmYtYWViMS1lNTUxNzJiMDU2MDUSgwF1cy1jZW50cmFsMS1kb2NrZXIucGtnLmRldi92ZWhpY2xlLW1hcmtldC10cmFja2VyL2djZi1hcnRpZmFjdHMvdmVoaWNsZS0tbWFya2V0LS10cmFja2VyX191cy0tY2VudHJhbDFfX2NvbXB1dGVfYW5hbHl0aWNzOnZlcnNpb25fMRik+sHllAYiUHByb2plY3RzL3ZlaGljbGUtbWFya2V0LXRyYWNrZXIvbG9jYXRpb25zL3VzLWNlbnRyYWwxL2Z1bmN0aW9ucy9jb21wdXRlQW5hbHl0aWNzKgwIxarQzwYQuPvSlgMyCG5vZGVqczIwOnYKI2djci5pby9nYWUtcnVudGltZXMvbm9kZWpzMjA6c3RhYmxlEk91cy1jZW50cmFsMS1kb2NrZXIucGtnLmRldi9zZXJ2ZXJsZXNzLXJ1bnRpbWVzL2dvb2dsZS0yMi1mdWxsL3J1bnRpbWVzL25vZGVqczIwQAE=","serviceAccount":"projects/vehicle-market-tracker/serviceAccounts/211740032292-compute@developer.gserviceaccount.com","automaticUpdatePolicy":{}},"serviceConfig":{"service":"projects/vehicle-market-tracker/locations/us-central1/services/ingestvehicles","timeoutSeconds":60,"environmentVariables":{"GCLOUD_PROJECT":"vehicle-market-tracker","PUBSUB_TOPIC_PRICES":"price-ingest","LOG_EXECUTION_ID":"true","FIREBASE_CONFIG":"{\"projectId\":\"vehicle-market-tracker\",\"storageBucket\":\"vehicle-market-tracker.firebasestorage.app\"}","EVENTARC_CLOUD_EVENT_SOURCE":"projects/vehicle-market-tracker/locations/us-central1/services/ingestVehicles","FUNCTION_SIGNATURE_TYPE":"cloudevent","FUNCTION_TARGET":"ingestVehicles"},"ingressSettings":"ALLOW_ALL","uri":"https://ingestvehicles-yh4wiiiluq-uc.a.run.app","serviceAccountEmail":"211740032292-compute@developer.gserviceaccount.com","availableMemory":"256Mi","allTrafficOnLatestRevision":true,"revision":"ingestvehicles-00001-dul","maxInstanceRequestConcurrency":1,"availableCpu":"0.1666"},"eventTrigger":{"trigger":"projects/vehicle-market-tracker/locations/us-central1/triggers/ingestvehicles-702645","triggerRegion":"us-central1","eventType":"google.cloud.pubsub.topic.v1.messagePublished","pubsubTopic":"projects/vehicle-market-tracker/topics/vehicle-ingest","serviceAccountEmail":"211740032292-compute@developer.gserviceaccount.com","retryPolicy":"RETRY_POLICY_DO_NOT_RETRY"},"state":"ACTIVE","labels":{"deployment-tool":"gcloud","firebase-functions-hash":"b9e601e3a77c0cdccc55caf920a83e1b76b00bd9"},"environment":"GEN_2","url":"https://us-central1-vehicle-market-tracker.cloudfunctions.net/ingestVehicles","satisfiesPzi":true},"stages":[{"name":"BUILD","message":"Reusing build","state":"COMPLETE","resource":"projects/211740032292/locations/us-central1/builds/0683a51d-8fa0-472f-aeb1-e55172b05605","stateMessages":[{"severity":"WARNING","type":"BuildAnalysisWarning","message":"Node.js 20 is no longer supported by the Node.js community as of 30 April, 2026. Node.js 20 will be deprecated on 2026-04-30. We recommend you to upgrade to the latest version of Node.js as soon as possible."}]},{"name":"SERVICE","message":"Updating Cloud Run service","state":"IN_PROGRESS","resource":"projects/vehicle-market-tracker/locations/us-central1/services/ingestvehicles","resourceUri":"https://console.cloud.google.com/run/detail/us-central1/ingestvehicles?project=vehicle-market-tracker","stateMessages":[{"severity":"INFO","type":"CloudRunServiceNewRevisionTrafficInfo","message":"A new revision will be deployed serving with 100% traffic."}]},{"name":"TRIGGER","state":"NOT_STARTED"}],"sourceToken":"Cldwcm9qZWN0cy8yMTE3NDAwMzIyOTIvbG9jYXRpb25zL3VzLWNlbnRyYWwxL2J1aWxkcy8wNjgzYTUxZC04ZmEwLTQ3MmYtYWViMS1lNTUxNzJiMDU2MDUSgwF1cy1jZW50cmFsMS1kb2NrZXIucGtnLmRldi92ZWhpY2xlLW1hcmtldC10cmFja2VyL2djZi1hcnRpZmFjdHMvdmVoaWNsZS0tbWFya2V0LS10cmFja2VyX191cy0tY2VudHJhbDFfX2NvbXB1dGVfYW5hbHl0aWNzOnZlcnNpb25fMRik+sHllAYiUHByb2plY3RzL3ZlaGljbGUtbWFya2V0LXRyYWNrZXIvbG9jYXRpb25zL3VzLWNlbnRyYWwxL2Z1bmN0aW9ucy9jb21wdXRlQW5hbHl0aWNzKgwIxarQzwYQuPvSlgMyCG5vZGVqczIwOnYKI2djci5pby9nYWUtcnVudGltZXMvbm9kZWpzMjA6c3RhYmxlEk91cy1jZW50cmFsMS1kb2NrZXIucGtnLmRldi9zZXJ2ZXJsZXNzLXJ1bnRpbWVzL2dvb2dsZS0yMi1mdWxsL3J1bnRpbWVzL25vZGVqczIwQAE=","operationType":"UPDATE_FUNCTION","buildName":"projects/211740032292/locations/us-central1/builds/0683a51d-8fa0-472f-aeb1-e55172b05605"},"done":false}
[debug] [2026-05-01T02:51:57.302Z] Got source token Cldwcm9qZWN0cy8yMTE3NDAwMzIyOTIvbG9jYXRpb25zL3VzLWNlbnRyYWwxL2J1aWxkcy8wNjgzYTUxZC04ZmEwLTQ3MmYtYWViMS1lNTUxNzJiMDU2MDUSgwF1cy1jZW50cmFsMS1kb2NrZXIucGtnLmRldi92ZWhpY2xlLW1hcmtldC10cmFja2VyL2djZi1hcnRpZmFjdHMvdmVoaWNsZS0tbWFya2V0LS10cmFja2VyX191cy0tY2VudHJhbDFfX2NvbXB1dGVfYW5hbHl0aWNzOnZlcnNpb25fMRik+sHllAYiUHByb2plY3RzL3ZlaGljbGUtbWFya2V0LXRyYWNrZXIvbG9jYXRpb25zL3VzLWNlbnRyYWwxL2Z1bmN0aW9ucy9jb21wdXRlQW5hbHl0aWNzKgwIxarQzwYQuPvSlgMyCG5vZGVqczIwOnYKI2djci5pby9nYWUtcnVudGltZXMvbm9kZWpzMjA6c3RhYmxlEk91cy1jZW50cmFsMS1kb2NrZXIucGtnLmRldi9zZXJ2ZXJsZXNzLXJ1bnRpbWVzL2dvb2dsZS0yMi1mdWxsL3J1bnRpbWVzL25vZGVqczIwQAE= for region us-central1
[debug] [2026-05-01T02:51:59.028Z] [create-default-us-central1-ingestPrices] Retrying task index 0
[debug] [2026-05-01T02:51:59.028Z] Checked if tokens are valid: true, expires at: 1777607439737
[debug] [2026-05-01T02:51:59.028Z] Checked if tokens are valid: true, expires at: 1777607439737
[debug] [2026-05-01T02:51:59.028Z] >>> [apiv2][query] GET https://cloudfunctions.googleapis.com/v2/projects/vehicle-market-tracker/locations/us-central1/operations/operation-1777603914380-650b8a9de3335-b77e1cd3-6189eb0a [none]
[debug] [2026-05-01T02:51:59.303Z] [update-default-us-central1-ingestVehicles] Retrying task index 0
[debug] [2026-05-01T02:51:59.303Z] Checked if tokens are valid: true, expires at: 1777607439737
[debug] [2026-05-01T02:51:59.303Z] Checked if tokens are valid: true, expires at: 1777607439737
[debug] [2026-05-01T02:51:59.303Z] >>> [apiv2][query] GET https://cloudfunctions.googleapis.com/v2/projects/vehicle-market-tracker/locations/us-central1/operations/operation-1777603914292-650b8a9dcdc5e-ee0ab9e3-a3d9ebb6 [none]
[debug] [2026-05-01T02:51:59.305Z] <<< [apiv2][status] GET https://cloudfunctions.googleapis.com/v2/projects/vehicle-market-tracker/locations/us-central1/operations/operation-1777603914380-650b8a9de3335-b77e1cd3-6189eb0a 200
[debug] [2026-05-01T02:51:59.305Z] <<< [apiv2][body] GET https://cloudfunctions.googleapis.com/v2/projects/vehicle-market-tracker/locations/us-central1/operations/operation-1777603914380-650b8a9de3335-b77e1cd3-6189eb0a {"name":"projects/vehicle-market-tracker/locations/us-central1/operations/operation-1777603914380-650b8a9de3335-b77e1cd3-6189eb0a","metadata":{"@type":"type.googleapis.com/google.cloud.functions.v2.OperationMetadata","createTime":"2026-05-01T02:51:54.859245034Z","target":"projects/vehicle-market-tracker/locations/us-central1/functions/ingestPrices","verb":"create","cancelRequested":false,"apiVersion":"v2","requestResource":{"@type":"type.googleapis.com/google.cloud.functions.v2.Function","name":"projects/vehicle-market-tracker/locations/us-central1/functions/ingestPrices","buildConfig":{"runtime":"nodejs20","entryPoint":"ingestPrices","source":{"storageSource":{"bucket":"gcf-v2-sources-211740032292-us-central1","object":"ingestPrices/function-source.zip","generation":"1777603914612685"}},"environmentVariables":{"GOOGLE_NODE_RUN_SCRIPTS":""},"sourceToken":"Cldwcm9qZWN0cy8yMTE3NDAwMzIyOTIvbG9jYXRpb25zL3VzLWNlbnRyYWwxL2J1aWxkcy8wNjgzYTUxZC04ZmEwLTQ3MmYtYWViMS1lNTUxNzJiMDU2MDUSgwF1cy1jZW50cmFsMS1kb2NrZXIucGtnLmRldi92ZWhpY2xlLW1hcmtldC10cmFja2VyL2djZi1hcnRpZmFjdHMvdmVoaWNsZS0tbWFya2V0LS10cmFja2VyX191cy0tY2VudHJhbDFfX2NvbXB1dGVfYW5hbHl0aWNzOnZlcnNpb25fMRik+sHllAYiUHByb2plY3RzL3ZlaGljbGUtbWFya2V0LXRyYWNrZXIvbG9jYXRpb25zL3VzLWNlbnRyYWwxL2Z1bmN0aW9ucy9jb21wdXRlQW5hbHl0aWNzKgwIxarQzwYQuPvSlgMyCG5vZGVqczIwOnYKI2djci5pby9nYWUtcnVudGltZXMvbm9kZWpzMjA6c3RhYmxlEk91cy1jZW50cmFsMS1kb2NrZXIucGtnLmRldi9zZXJ2ZXJsZXNzLXJ1bnRpbWVzL2dvb2dsZS0yMi1mdWxsL3J1bnRpbWVzL25vZGVqczIwQAE=","serviceAccount":"projects/vehicle-market-tracker/serviceAccounts/211740032292-compute@developer.gserviceaccount.com","automaticUpdatePolicy":{}},"serviceConfig":{"service":"projects/vehicle-market-tracker/locations/us-central1/services/ingestprices","timeoutSeconds":60,"environmentVariables":{"FIREBASE_CONFIG":"{\"projectId\":\"vehicle-market-tracker\",\"storageBucket\":\"vehicle-market-tracker.firebasestorage.app\"}","GCLOUD_PROJECT":"vehicle-market-tracker","EVENTARC_CLOUD_EVENT_SOURCE":"projects/vehicle-market-tracker/locations/us-central1/services/ingestPrices","FUNCTION_SIGNATURE_TYPE":"cloudevent","FUNCTION_TARGET":"ingestPrices","LOG_EXECUTION_ID":"true"},"ingressSettings":"ALLOW_ALL","serviceAccountEmail":"211740032292-compute@developer.gserviceaccount.com","availableMemory":"256Mi","maxInstanceRequestConcurrency":80,"availableCpu":"1"},"eventTrigger":{"trigger":"projects/vehicle-market-tracker/locations/us-central1/triggers/ingestprices-116418","triggerRegion":"us-central1","eventType":"google.cloud.pubsub.topic.v1.messagePublished","pubsubTopic":"projects/vehicle-market-tracker/topics/price-ingest","serviceAccountEmail":"211740032292-compute@developer.gserviceaccount.com","retryPolicy":"RETRY_POLICY_DO_NOT_RETRY"},"labels":{"deployment-tool":"cli-firebase","firebase-functions-hash":"b9e601e3a77c0cdccc55caf920a83e1b76b00bd9"},"environment":"GEN_2"},"stages":[{"name":"BUILD","message":"Reusing build","state":"COMPLETE","resource":"projects/211740032292/locations/us-central1/builds/0683a51d-8fa0-472f-aeb1-e55172b05605","stateMessages":[{"severity":"WARNING","type":"BuildAnalysisWarning","message":"Node.js 20 is no longer supported by the Node.js community as of 30 April, 2026. Node.js 20 will be deprecated on 2026-04-30. We recommend you to upgrade to the latest version of Node.js as soon as possible."}]},{"name":"SERVICE","message":"Creating Cloud Run service","state":"IN_PROGRESS","resource":"projects/vehicle-market-tracker/locations/us-central1/services/ingestprices","resourceUri":"https://console.cloud.google.com/run/detail/us-central1/ingestprices?project=vehicle-market-tracker"},{"name":"TRIGGER","state":"NOT_STARTED"}],"sourceToken":"Cldwcm9qZWN0cy8yMTE3NDAwMzIyOTIvbG9jYXRpb25zL3VzLWNlbnRyYWwxL2J1aWxkcy8wNjgzYTUxZC04ZmEwLTQ3MmYtYWViMS1lNTUxNzJiMDU2MDUSgwF1cy1jZW50cmFsMS1kb2NrZXIucGtnLmRldi92ZWhpY2xlLW1hcmtldC10cmFja2VyL2djZi1hcnRpZmFjdHMvdmVoaWNsZS0tbWFya2V0LS10cmFja2VyX191cy0tY2VudHJhbDFfX2NvbXB1dGVfYW5hbHl0aWNzOnZlcnNpb25fMRik+sHllAYiUHByb2plY3RzL3ZlaGljbGUtbWFya2V0LXRyYWNrZXIvbG9jYXRpb25zL3VzLWNlbnRyYWwxL2Z1bmN0aW9ucy9jb21wdXRlQW5hbHl0aWNzKgwIxarQzwYQuPvSlgMyCG5vZGVqczIwOnYKI2djci5pby9nYWUtcnVudGltZXMvbm9kZWpzMjA6c3RhYmxlEk91cy1jZW50cmFsMS1kb2NrZXIucGtnLmRldi9zZXJ2ZXJsZXNzLXJ1bnRpbWVzL2dvb2dsZS0yMi1mdWxsL3J1bnRpbWVzL25vZGVqczIwQAE=","operationType":"CREATE_FUNCTION","buildName":"projects/211740032292/locations/us-central1/builds/0683a51d-8fa0-472f-aeb1-e55172b05605"},"done":false}
[debug] [2026-05-01T02:51:59.305Z] Got source token Cldwcm9qZWN0cy8yMTE3NDAwMzIyOTIvbG9jYXRpb25zL3VzLWNlbnRyYWwxL2J1aWxkcy8wNjgzYTUxZC04ZmEwLTQ3MmYtYWViMS1lNTUxNzJiMDU2MDUSgwF1cy1jZW50cmFsMS1kb2NrZXIucGtnLmRldi92ZWhpY2xlLW1hcmtldC10cmFja2VyL2djZi1hcnRpZmFjdHMvdmVoaWNsZS0tbWFya2V0LS10cmFja2VyX191cy0tY2VudHJhbDFfX2NvbXB1dGVfYW5hbHl0aWNzOnZlcnNpb25fMRik+sHllAYiUHByb2plY3RzL3ZlaGljbGUtbWFya2V0LXRyYWNrZXIvbG9jYXRpb25zL3VzLWNlbnRyYWwxL2Z1bmN0aW9ucy9jb21wdXRlQW5hbHl0aWNzKgwIxarQzwYQuPvSlgMyCG5vZGVqczIwOnYKI2djci5pby9nYWUtcnVudGltZXMvbm9kZWpzMjA6c3RhYmxlEk91cy1jZW50cmFsMS1kb2NrZXIucGtnLmRldi9zZXJ2ZXJsZXNzLXJ1bnRpbWVzL2dvb2dsZS0yMi1mdWxsL3J1bnRpbWVzL25vZGVqczIwQAE= for region us-central1
[debug] [2026-05-01T02:51:59.591Z] <<< [apiv2][status] GET https://cloudfunctions.googleapis.com/v2/projects/vehicle-market-tracker/locations/us-central1/operations/operation-1777603914292-650b8a9dcdc5e-ee0ab9e3-a3d9ebb6 200
[debug] [2026-05-01T02:51:59.591Z] <<< [apiv2][body] GET https://cloudfunctions.googleapis.com/v2/projects/vehicle-market-tracker/locations/us-central1/operations/operation-1777603914292-650b8a9dcdc5e-ee0ab9e3-a3d9ebb6 {"name":"projects/vehicle-market-tracker/locations/us-central1/operations/operation-1777603914292-650b8a9dcdc5e-ee0ab9e3-a3d9ebb6","metadata":{"@type":"type.googleapis.com/google.cloud.functions.v2.OperationMetadata","createTime":"2026-05-01T02:51:55.119793924Z","target":"projects/vehicle-market-tracker/locations/us-central1/functions/ingestVehicles","verb":"update","cancelRequested":false,"apiVersion":"v2","requestResource":{"@type":"type.googleapis.com/google.cloud.functions.v2.Function","name":"projects/vehicle-market-tracker/locations/us-central1/functions/ingestVehicles","buildConfig":{"runtime":"nodejs20","entryPoint":"ingestVehicles","source":{"storageSource":{"bucket":"gcf-v2-sources-211740032292-us-central1","object":"ingestVehicles/function-source.zip","generation":"1777603915068542"}},"environmentVariables":{"GOOGLE_NODE_RUN_SCRIPTS":""},"dockerRepository":"projects/vehicle-market-tracker/locations/us-central1/repositories/gcf-artifacts","sourceProvenance":{"resolvedStorageSource":{"bucket":"gcf-v2-sources-211740032292-us-central1","object":"ingestVehicles/function-source.zip","generation":"1777603756197968"}},"dockerRegistry":"ARTIFACT_REGISTRY","sourceToken":"Cldwcm9qZWN0cy8yMTE3NDAwMzIyOTIvbG9jYXRpb25zL3VzLWNlbnRyYWwxL2J1aWxkcy8wNjgzYTUxZC04ZmEwLTQ3MmYtYWViMS1lNTUxNzJiMDU2MDUSgwF1cy1jZW50cmFsMS1kb2NrZXIucGtnLmRldi92ZWhpY2xlLW1hcmtldC10cmFja2VyL2djZi1hcnRpZmFjdHMvdmVoaWNsZS0tbWFya2V0LS10cmFja2VyX191cy0tY2VudHJhbDFfX2NvbXB1dGVfYW5hbHl0aWNzOnZlcnNpb25fMRik+sHllAYiUHByb2plY3RzL3ZlaGljbGUtbWFya2V0LXRyYWNrZXIvbG9jYXRpb25zL3VzLWNlbnRyYWwxL2Z1bmN0aW9ucy9jb21wdXRlQW5hbHl0aWNzKgwIxarQzwYQuPvSlgMyCG5vZGVqczIwOnYKI2djci5pby9nYWUtcnVudGltZXMvbm9kZWpzMjA6c3RhYmxlEk91cy1jZW50cmFsMS1kb2NrZXIucGtnLmRldi9zZXJ2ZXJsZXNzLXJ1bnRpbWVzL2dvb2dsZS0yMi1mdWxsL3J1bnRpbWVzL25vZGVqczIwQAE=","serviceAccount":"projects/vehicle-market-tracker/serviceAccounts/211740032292-compute@developer.gserviceaccount.com","automaticUpdatePolicy":{}},"serviceConfig":{"service":"projects/vehicle-market-tracker/locations/us-central1/services/ingestvehicles","timeoutSeconds":60,"environmentVariables":{"GCLOUD_PROJECT":"vehicle-market-tracker","PUBSUB_TOPIC_PRICES":"price-ingest","LOG_EXECUTION_ID":"true","FIREBASE_CONFIG":"{\"projectId\":\"vehicle-market-tracker\",\"storageBucket\":\"vehicle-market-tracker.firebasestorage.app\"}","EVENTARC_CLOUD_EVENT_SOURCE":"projects/vehicle-market-tracker/locations/us-central1/services/ingestVehicles","FUNCTION_SIGNATURE_TYPE":"cloudevent","FUNCTION_TARGET":"ingestVehicles"},"ingressSettings":"ALLOW_ALL","uri":"https://ingestvehicles-yh4wiiiluq-uc.a.run.app","serviceAccountEmail":"211740032292-compute@developer.gserviceaccount.com","availableMemory":"256Mi","allTrafficOnLatestRevision":true,"revision":"ingestvehicles-00001-dul","maxInstanceRequestConcurrency":1,"availableCpu":"0.1666"},"eventTrigger":{"trigger":"projects/vehicle-market-tracker/locations/us-central1/triggers/ingestvehicles-702645","triggerRegion":"us-central1","eventType":"google.cloud.pubsub.topic.v1.messagePublished","pubsubTopic":"projects/vehicle-market-tracker/topics/vehicle-ingest","serviceAccountEmail":"211740032292-compute@developer.gserviceaccount.com","retryPolicy":"RETRY_POLICY_DO_NOT_RETRY"},"state":"ACTIVE","labels":{"deployment-tool":"gcloud","firebase-functions-hash":"b9e601e3a77c0cdccc55caf920a83e1b76b00bd9"},"environment":"GEN_2","url":"https://us-central1-vehicle-market-tracker.cloudfunctions.net/ingestVehicles","satisfiesPzi":true},"stages":[{"name":"BUILD","message":"Reusing build","state":"COMPLETE","resource":"projects/211740032292/locations/us-central1/builds/0683a51d-8fa0-472f-aeb1-e55172b05605","stateMessages":[{"severity":"WARNING","type":"BuildAnalysisWarning","message":"Node.js 20 is no longer supported by the Node.js community as of 30 April, 2026. Node.js 20 will be deprecated on 2026-04-30. We recommend you to upgrade to the latest version of Node.js as soon as possible."}]},{"name":"SERVICE","message":"Updating Cloud Run service","state":"IN_PROGRESS","resource":"projects/vehicle-market-tracker/locations/us-central1/services/ingestvehicles","resourceUri":"https://console.cloud.google.com/run/detail/us-central1/ingestvehicles?project=vehicle-market-tracker","stateMessages":[{"severity":"INFO","type":"CloudRunServiceNewRevisionTrafficInfo","message":"A new revision will be deployed serving with 100% traffic."}]},{"name":"TRIGGER","state":"NOT_STARTED"}],"sourceToken":"Cldwcm9qZWN0cy8yMTE3NDAwMzIyOTIvbG9jYXRpb25zL3VzLWNlbnRyYWwxL2J1aWxkcy8wNjgzYTUxZC04ZmEwLTQ3MmYtYWViMS1lNTUxNzJiMDU2MDUSgwF1cy1jZW50cmFsMS1kb2NrZXIucGtnLmRldi92ZWhpY2xlLW1hcmtldC10cmFja2VyL2djZi1hcnRpZmFjdHMvdmVoaWNsZS0tbWFya2V0LS10cmFja2VyX191cy0tY2VudHJhbDFfX2NvbXB1dGVfYW5hbHl0aWNzOnZlcnNpb25fMRik+sHllAYiUHByb2plY3RzL3ZlaGljbGUtbWFya2V0LXRyYWNrZXIvbG9jYXRpb25zL3VzLWNlbnRyYWwxL2Z1bmN0aW9ucy9jb21wdXRlQW5hbHl0aWNzKgwIxarQzwYQuPvSlgMyCG5vZGVqczIwOnYKI2djci5pby9nYWUtcnVudGltZXMvbm9kZWpzMjA6c3RhYmxlEk91cy1jZW50cmFsMS1kb2NrZXIucGtnLmRldi9zZXJ2ZXJsZXNzLXJ1bnRpbWVzL2dvb2dsZS0yMi1mdWxsL3J1bnRpbWVzL25vZGVqczIwQAE=","operationType":"UPDATE_FUNCTION","buildName":"projects/211740032292/locations/us-central1/builds/0683a51d-8fa0-472f-aeb1-e55172b05605"},"done":false}
[debug] [2026-05-01T02:51:59.591Z] Got source token Cldwcm9qZWN0cy8yMTE3NDAwMzIyOTIvbG9jYXRpb25zL3VzLWNlbnRyYWwxL2J1aWxkcy8wNjgzYTUxZC04ZmEwLTQ3MmYtYWViMS1lNTUxNzJiMDU2MDUSgwF1cy1jZW50cmFsMS1kb2NrZXIucGtnLmRldi92ZWhpY2xlLW1hcmtldC10cmFja2VyL2djZi1hcnRpZmFjdHMvdmVoaWNsZS0tbWFya2V0LS10cmFja2VyX191cy0tY2VudHJhbDFfX2NvbXB1dGVfYW5hbHl0aWNzOnZlcnNpb25fMRik+sHllAYiUHByb2plY3RzL3ZlaGljbGUtbWFya2V0LXRyYWNrZXIvbG9jYXRpb25zL3VzLWNlbnRyYWwxL2Z1bmN0aW9ucy9jb21wdXRlQW5hbHl0aWNzKgwIxarQzwYQuPvSlgMyCG5vZGVqczIwOnYKI2djci5pby9nYWUtcnVudGltZXMvbm9kZWpzMjA6c3RhYmxlEk91cy1jZW50cmFsMS1kb2NrZXIucGtnLmRldi9zZXJ2ZXJsZXNzLXJ1bnRpbWVzL2dvb2dsZS0yMi1mdWxsL3J1bnRpbWVzL25vZGVqczIwQAE= for region us-central1
[debug] [2026-05-01T02:52:03.305Z] [create-default-us-central1-ingestPrices] Retrying task index 0
[debug] [2026-05-01T02:52:03.306Z] Checked if tokens are valid: true, expires at: 1777607439737
[debug] [2026-05-01T02:52:03.306Z] Checked if tokens are valid: true, expires at: 1777607439737
[debug] [2026-05-01T02:52:03.306Z] >>> [apiv2][query] GET https://cloudfunctions.googleapis.com/v2/projects/vehicle-market-tracker/locations/us-central1/operations/operation-1777603914380-650b8a9de3335-b77e1cd3-6189eb0a [none]
[debug] [2026-05-01T02:52:03.592Z] [update-default-us-central1-ingestVehicles] Retrying task index 0
[debug] [2026-05-01T02:52:03.592Z] Checked if tokens are valid: true, expires at: 1777607439737
[debug] [2026-05-01T02:52:03.592Z] Checked if tokens are valid: true, expires at: 1777607439737
[debug] [2026-05-01T02:52:03.592Z] >>> [apiv2][query] GET https://cloudfunctions.googleapis.com/v2/projects/vehicle-market-tracker/locations/us-central1/operations/operation-1777603914292-650b8a9dcdc5e-ee0ab9e3-a3d9ebb6 [none]
[debug] [2026-05-01T02:52:03.593Z] <<< [apiv2][status] GET https://cloudfunctions.googleapis.com/v2/projects/vehicle-market-tracker/locations/us-central1/operations/operation-1777603914380-650b8a9de3335-b77e1cd3-6189eb0a 200
[debug] [2026-05-01T02:52:03.593Z] <<< [apiv2][body] GET https://cloudfunctions.googleapis.com/v2/projects/vehicle-market-tracker/locations/us-central1/operations/operation-1777603914380-650b8a9de3335-b77e1cd3-6189eb0a {"name":"projects/vehicle-market-tracker/locations/us-central1/operations/operation-1777603914380-650b8a9de3335-b77e1cd3-6189eb0a","metadata":{"@type":"type.googleapis.com/google.cloud.functions.v2.OperationMetadata","createTime":"2026-05-01T02:51:54.859245034Z","target":"projects/vehicle-market-tracker/locations/us-central1/functions/ingestPrices","verb":"create","cancelRequested":false,"apiVersion":"v2","requestResource":{"@type":"type.googleapis.com/google.cloud.functions.v2.Function","name":"projects/vehicle-market-tracker/locations/us-central1/functions/ingestPrices","buildConfig":{"runtime":"nodejs20","entryPoint":"ingestPrices","source":{"storageSource":{"bucket":"gcf-v2-sources-211740032292-us-central1","object":"ingestPrices/function-source.zip","generation":"1777603914612685"}},"environmentVariables":{"GOOGLE_NODE_RUN_SCRIPTS":""},"sourceToken":"Cldwcm9qZWN0cy8yMTE3NDAwMzIyOTIvbG9jYXRpb25zL3VzLWNlbnRyYWwxL2J1aWxkcy8wNjgzYTUxZC04ZmEwLTQ3MmYtYWViMS1lNTUxNzJiMDU2MDUSgwF1cy1jZW50cmFsMS1kb2NrZXIucGtnLmRldi92ZWhpY2xlLW1hcmtldC10cmFja2VyL2djZi1hcnRpZmFjdHMvdmVoaWNsZS0tbWFya2V0LS10cmFja2VyX191cy0tY2VudHJhbDFfX2NvbXB1dGVfYW5hbHl0aWNzOnZlcnNpb25fMRik+sHllAYiUHByb2plY3RzL3ZlaGljbGUtbWFya2V0LXRyYWNrZXIvbG9jYXRpb25zL3VzLWNlbnRyYWwxL2Z1bmN0aW9ucy9jb21wdXRlQW5hbHl0aWNzKgwIxarQzwYQuPvSlgMyCG5vZGVqczIwOnYKI2djci5pby9nYWUtcnVudGltZXMvbm9kZWpzMjA6c3RhYmxlEk91cy1jZW50cmFsMS1kb2NrZXIucGtnLmRldi9zZXJ2ZXJsZXNzLXJ1bnRpbWVzL2dvb2dsZS0yMi1mdWxsL3J1bnRpbWVzL25vZGVqczIwQAE=","serviceAccount":"projects/vehicle-market-tracker/serviceAccounts/211740032292-compute@developer.gserviceaccount.com","automaticUpdatePolicy":{}},"serviceConfig":{"service":"projects/vehicle-market-tracker/locations/us-central1/services/ingestprices","timeoutSeconds":60,"environmentVariables":{"FIREBASE_CONFIG":"{\"projectId\":\"vehicle-market-tracker\",\"storageBucket\":\"vehicle-market-tracker.firebasestorage.app\"}","GCLOUD_PROJECT":"vehicle-market-tracker","EVENTARC_CLOUD_EVENT_SOURCE":"projects/vehicle-market-tracker/locations/us-central1/services/ingestPrices","FUNCTION_SIGNATURE_TYPE":"cloudevent","FUNCTION_TARGET":"ingestPrices","LOG_EXECUTION_ID":"true"},"ingressSettings":"ALLOW_ALL","serviceAccountEmail":"211740032292-compute@developer.gserviceaccount.com","availableMemory":"256Mi","maxInstanceRequestConcurrency":80,"availableCpu":"1"},"eventTrigger":{"trigger":"projects/vehicle-market-tracker/locations/us-central1/triggers/ingestprices-116418","triggerRegion":"us-central1","eventType":"google.cloud.pubsub.topic.v1.messagePublished","pubsubTopic":"projects/vehicle-market-tracker/topics/price-ingest","serviceAccountEmail":"211740032292-compute@developer.gserviceaccount.com","retryPolicy":"RETRY_POLICY_DO_NOT_RETRY"},"labels":{"deployment-tool":"cli-firebase","firebase-functions-hash":"b9e601e3a77c0cdccc55caf920a83e1b76b00bd9"},"environment":"GEN_2"},"stages":[{"name":"BUILD","message":"Reusing build","state":"COMPLETE","resource":"projects/211740032292/locations/us-central1/builds/0683a51d-8fa0-472f-aeb1-e55172b05605","stateMessages":[{"severity":"WARNING","type":"BuildAnalysisWarning","message":"Node.js 20 is no longer supported by the Node.js community as of 30 April, 2026. Node.js 20 will be deprecated on 2026-04-30. We recommend you to upgrade to the latest version of Node.js as soon as possible."}]},{"name":"SERVICE","message":"Creating Cloud Run service","state":"COMPLETE","resource":"projects/vehicle-market-tracker/locations/us-central1/services/ingestprices","resourceUri":"https://console.cloud.google.com/run/detail/us-central1/ingestprices?project=vehicle-market-tracker"},{"name":"TRIGGER","message":"Creating Eventarc trigger","state":"IN_PROGRESS","resource":"projects/vehicle-market-tracker/locations/us-central1/triggers/ingestprices-116418"}],"sourceToken":"Cldwcm9qZWN0cy8yMTE3NDAwMzIyOTIvbG9jYXRpb25zL3VzLWNlbnRyYWwxL2J1aWxkcy8wNjgzYTUxZC04ZmEwLTQ3MmYtYWViMS1lNTUxNzJiMDU2MDUSgwF1cy1jZW50cmFsMS1kb2NrZXIucGtnLmRldi92ZWhpY2xlLW1hcmtldC10cmFja2VyL2djZi1hcnRpZmFjdHMvdmVoaWNsZS0tbWFya2V0LS10cmFja2VyX191cy0tY2VudHJhbDFfX2NvbXB1dGVfYW5hbHl0aWNzOnZlcnNpb25fMRik+sHllAYiUHByb2plY3RzL3ZlaGljbGUtbWFya2V0LXRyYWNrZXIvbG9jYXRpb25zL3VzLWNlbnRyYWwxL2Z1bmN0aW9ucy9jb21wdXRlQW5hbHl0aWNzKgwIxarQzwYQuPvSlgMyCG5vZGVqczIwOnYKI2djci5pby9nYWUtcnVudGltZXMvbm9kZWpzMjA6c3RhYmxlEk91cy1jZW50cmFsMS1kb2NrZXIucGtnLmRldi9zZXJ2ZXJsZXNzLXJ1bnRpbWVzL2dvb2dsZS0yMi1mdWxsL3J1bnRpbWVzL25vZGVqczIwQAE=","operationType":"CREATE_FUNCTION","buildName":"projects/211740032292/locations/us-central1/builds/0683a51d-8fa0-472f-aeb1-e55172b05605"},"done":false}
[debug] [2026-05-01T02:52:03.593Z] Got source token Cldwcm9qZWN0cy8yMTE3NDAwMzIyOTIvbG9jYXRpb25zL3VzLWNlbnRyYWwxL2J1aWxkcy8wNjgzYTUxZC04ZmEwLTQ3MmYtYWViMS1lNTUxNzJiMDU2MDUSgwF1cy1jZW50cmFsMS1kb2NrZXIucGtnLmRldi92ZWhpY2xlLW1hcmtldC10cmFja2VyL2djZi1hcnRpZmFjdHMvdmVoaWNsZS0tbWFya2V0LS10cmFja2VyX191cy0tY2VudHJhbDFfX2NvbXB1dGVfYW5hbHl0aWNzOnZlcnNpb25fMRik+sHllAYiUHByb2plY3RzL3ZlaGljbGUtbWFya2V0LXRyYWNrZXIvbG9jYXRpb25zL3VzLWNlbnRyYWwxL2Z1bmN0aW9ucy9jb21wdXRlQW5hbHl0aWNzKgwIxarQzwYQuPvSlgMyCG5vZGVqczIwOnYKI2djci5pby9nYWUtcnVudGltZXMvbm9kZWpzMjA6c3RhYmxlEk91cy1jZW50cmFsMS1kb2NrZXIucGtnLmRldi9zZXJ2ZXJsZXNzLXJ1bnRpbWVzL2dvb2dsZS0yMi1mdWxsL3J1bnRpbWVzL25vZGVqczIwQAE= for region us-central1
[debug] [2026-05-01T02:52:03.864Z] [create-default-us-central1-computeAnalytics] Retrying task index 0
[debug] [2026-05-01T02:52:03.865Z] Checked if tokens are valid: true, expires at: 1777607439737
[debug] [2026-05-01T02:52:03.865Z] Checked if tokens are valid: true, expires at: 1777607439737
[debug] [2026-05-01T02:52:03.865Z] >>> [apiv2][query] GET https://cloudfunctions.googleapis.com/v2/projects/vehicle-market-tracker/locations/us-central1/operations/operation-1777603865080-650b8a6edf24e-8649448a-ee00af38 [none]
[debug] [2026-05-01T02:52:03.880Z] <<< [apiv2][status] GET https://cloudfunctions.googleapis.com/v2/projects/vehicle-market-tracker/locations/us-central1/operations/operation-1777603914292-650b8a9dcdc5e-ee0ab9e3-a3d9ebb6 200
[debug] [2026-05-01T02:52:03.880Z] <<< [apiv2][body] GET https://cloudfunctions.googleapis.com/v2/projects/vehicle-market-tracker/locations/us-central1/operations/operation-1777603914292-650b8a9dcdc5e-ee0ab9e3-a3d9ebb6 {"name":"projects/vehicle-market-tracker/locations/us-central1/operations/operation-1777603914292-650b8a9dcdc5e-ee0ab9e3-a3d9ebb6","metadata":{"@type":"type.googleapis.com/google.cloud.functions.v2.OperationMetadata","createTime":"2026-05-01T02:51:55.119793924Z","endTime":"2026-05-01T02:52:02.011221495Z","target":"projects/vehicle-market-tracker/locations/us-central1/functions/ingestVehicles","verb":"update","cancelRequested":false,"apiVersion":"v2","requestResource":{"@type":"type.googleapis.com/google.cloud.functions.v2.Function","name":"projects/vehicle-market-tracker/locations/us-central1/functions/ingestVehicles","buildConfig":{"runtime":"nodejs20","entryPoint":"ingestVehicles","source":{"storageSource":{"bucket":"gcf-v2-sources-211740032292-us-central1","object":"ingestVehicles/function-source.zip","generation":"1777603915068542"}},"environmentVariables":{"GOOGLE_NODE_RUN_SCRIPTS":""},"dockerRepository":"projects/vehicle-market-tracker/locations/us-central1/repositories/gcf-artifacts","sourceProvenance":{"resolvedStorageSource":{"bucket":"gcf-v2-sources-211740032292-us-central1","object":"ingestVehicles/function-source.zip","generation":"1777603756197968"}},"dockerRegistry":"ARTIFACT_REGISTRY","sourceToken":"Cldwcm9qZWN0cy8yMTE3NDAwMzIyOTIvbG9jYXRpb25zL3VzLWNlbnRyYWwxL2J1aWxkcy8wNjgzYTUxZC04ZmEwLTQ3MmYtYWViMS1lNTUxNzJiMDU2MDUSgwF1cy1jZW50cmFsMS1kb2NrZXIucGtnLmRldi92ZWhpY2xlLW1hcmtldC10cmFja2VyL2djZi1hcnRpZmFjdHMvdmVoaWNsZS0tbWFya2V0LS10cmFja2VyX191cy0tY2VudHJhbDFfX2NvbXB1dGVfYW5hbHl0aWNzOnZlcnNpb25fMRik+sHllAYiUHByb2plY3RzL3ZlaGljbGUtbWFya2V0LXRyYWNrZXIvbG9jYXRpb25zL3VzLWNlbnRyYWwxL2Z1bmN0aW9ucy9jb21wdXRlQW5hbHl0aWNzKgwIxarQzwYQuPvSlgMyCG5vZGVqczIwOnYKI2djci5pby9nYWUtcnVudGltZXMvbm9kZWpzMjA6c3RhYmxlEk91cy1jZW50cmFsMS1kb2NrZXIucGtnLmRldi9zZXJ2ZXJsZXNzLXJ1bnRpbWVzL2dvb2dsZS0yMi1mdWxsL3J1bnRpbWVzL25vZGVqczIwQAE=","serviceAccount":"projects/vehicle-market-tracker/serviceAccounts/211740032292-compute@developer.gserviceaccount.com","automaticUpdatePolicy":{}},"serviceConfig":{"service":"projects/vehicle-market-tracker/locations/us-central1/services/ingestvehicles","timeoutSeconds":60,"environmentVariables":{"GCLOUD_PROJECT":"vehicle-market-tracker","PUBSUB_TOPIC_PRICES":"price-ingest","LOG_EXECUTION_ID":"true","FIREBASE_CONFIG":"{\"projectId\":\"vehicle-market-tracker\",\"storageBucket\":\"vehicle-market-tracker.firebasestorage.app\"}","EVENTARC_CLOUD_EVENT_SOURCE":"projects/vehicle-market-tracker/locations/us-central1/services/ingestVehicles","FUNCTION_SIGNATURE_TYPE":"cloudevent","FUNCTION_TARGET":"ingestVehicles"},"ingressSettings":"ALLOW_ALL","uri":"https://ingestvehicles-yh4wiiiluq-uc.a.run.app","serviceAccountEmail":"211740032292-compute@developer.gserviceaccount.com","availableMemory":"256Mi","allTrafficOnLatestRevision":true,"revision":"ingestvehicles-00001-dul","maxInstanceRequestConcurrency":1,"availableCpu":"0.1666"},"eventTrigger":{"trigger":"projects/vehicle-market-tracker/locations/us-central1/triggers/ingestvehicles-702645","triggerRegion":"us-central1","eventType":"google.cloud.pubsub.topic.v1.messagePublished","pubsubTopic":"projects/vehicle-market-tracker/topics/vehicle-ingest","serviceAccountEmail":"211740032292-compute@developer.gserviceaccount.com","retryPolicy":"RETRY_POLICY_DO_NOT_RETRY"},"state":"ACTIVE","labels":{"deployment-tool":"gcloud","firebase-functions-hash":"b9e601e3a77c0cdccc55caf920a83e1b76b00bd9"},"environment":"GEN_2","url":"https://us-central1-vehicle-market-tracker.cloudfunctions.net/ingestVehicles","satisfiesPzi":true},"stages":[{"name":"BUILD","message":"Reusing build","state":"COMPLETE","resource":"projects/211740032292/locations/us-central1/builds/0683a51d-8fa0-472f-aeb1-e55172b05605","stateMessages":[{"severity":"WARNING","type":"BuildAnalysisWarning","message":"Node.js 20 is no longer supported by the Node.js community as of 30 April, 2026. Node.js 20 will be deprecated on 2026-04-30. We recommend you to upgrade to the latest version of Node.js as soon as possible."}]},{"name":"SERVICE","message":"Updating Cloud Run service","state":"COMPLETE","resource":"projects/vehicle-market-tracker/locations/us-central1/services/ingestvehicles","resourceUri":"https://console.cloud.google.com/run/detail/us-central1/ingestvehicles?project=vehicle-market-tracker","stateMessages":[{"severity":"INFO","type":"CloudRunServiceNewRevisionTrafficInfo","message":"A new revision will be deployed serving with 100% traffic."}]},{"name":"TRIGGER","state":"NOT_STARTED"}],"sourceToken":"Cldwcm9qZWN0cy8yMTE3NDAwMzIyOTIvbG9jYXRpb25zL3VzLWNlbnRyYWwxL2J1aWxkcy8wNjgzYTUxZC04ZmEwLTQ3MmYtYWViMS1lNTUxNzJiMDU2MDUSgwF1cy1jZW50cmFsMS1kb2NrZXIucGtnLmRldi92ZWhpY2xlLW1hcmtldC10cmFja2VyL2djZi1hcnRpZmFjdHMvdmVoaWNsZS0tbWFya2V0LS10cmFja2VyX191cy0tY2VudHJhbDFfX2NvbXB1dGVfYW5hbHl0aWNzOnZlcnNpb25fMRik+sHllAYiUHByb2plY3RzL3ZlaGljbGUtbWFya2V0LXRyYWNrZXIvbG9jYXRpb25zL3VzLWNlbnRyYWwxL2Z1bmN0aW9ucy9jb21wdXRlQW5hbHl0aWNzKgwIxarQzwYQuPvSlgMyCG5vZGVqczIwOnYKI2djci5pby9nYWUtcnVudGltZXMvbm9kZWpzMjA6c3RhYmxlEk91cy1jZW50cmFsMS1kb2NrZXIucGtnLmRldi9zZXJ2ZXJsZXNzLXJ1bnRpbWVzL2dvb2dsZS0yMi1mdWxsL3J1bnRpbWVzL25vZGVqczIwQAE=","operationType":"UPDATE_FUNCTION","buildName":"projects/211740032292/locations/us-central1/builds/0683a51d-8fa0-472f-aeb1-e55172b05605"},"done":true,"response":{"@type":"type.googleapis.com/google.cloud.functions.v2.Function","name":"projects/vehicle-market-tracker/locations/us-central1/functions/ingestVehicles","buildConfig":{"build":"projects/211740032292/locations/us-central1/builds/0683a51d-8fa0-472f-aeb1-e55172b05605","runtime":"nodejs20","entryPoint":"ingestVehicles","source":{"storageSource":{"bucket":"gcf-v2-sources-211740032292-us-central1","object":"ingestVehicles/function-source.zip","generation":"1777603915068542"}},"environmentVariables":{"GOOGLE_NODE_RUN_SCRIPTS":""},"dockerRepository":"projects/vehicle-market-tracker/locations/us-central1/repositories/gcf-artifacts","sourceProvenance":{"resolvedStorageSource":{"bucket":"gcf-v2-sources-211740032292-us-central1","object":"ingestVehicles/function-source.zip","generation":"1777603915068542"}},"dockerRegistry":"ARTIFACT_REGISTRY","serviceAccount":"projects/vehicle-market-tracker/serviceAccounts/211740032292-compute@developer.gserviceaccount.com","automaticUpdatePolicy":{}},"serviceConfig":{"service":"projects/vehicle-market-tracker/locations/us-central1/services/ingestvehicles","timeoutSeconds":60,"environmentVariables":{"GCLOUD_PROJECT":"vehicle-market-tracker","PUBSUB_TOPIC_PRICES":"price-ingest","LOG_EXECUTION_ID":"true","FIREBASE_CONFIG":"{\"projectId\":\"vehicle-market-tracker\",\"storageBucket\":\"vehicle-market-tracker.firebasestorage.app\"}","EVENTARC_CLOUD_EVENT_SOURCE":"projects/vehicle-market-tracker/locations/us-central1/services/ingestVehicles","FUNCTION_SIGNATURE_TYPE":"cloudevent","FUNCTION_TARGET":"ingestVehicles"},"maxInstanceCount":100,"ingressSettings":"ALLOW_ALL","uri":"https://ingestvehicles-yh4wiiiluq-uc.a.run.app","serviceAccountEmail":"211740032292-compute@developer.gserviceaccount.com","availableMemory":"256Mi","allTrafficOnLatestRevision":true,"revision":"ingestvehicles-00002-vel","maxInstanceRequestConcurrency":1,"availableCpu":"0.1666"},"eventTrigger":{"trigger":"projects/vehicle-market-tracker/locations/us-central1/triggers/ingestvehicles-702645","triggerRegion":"us-central1","eventType":"google.cloud.pubsub.topic.v1.messagePublished","pubsubTopic":"projects/vehicle-market-tracker/topics/vehicle-ingest","serviceAccountEmail":"211740032292-compute@developer.gserviceaccount.com","retryPolicy":"RETRY_POLICY_DO_NOT_RETRY"},"state":"ACTIVE","updateTime":"2026-05-01T02:51:55.122661914Z","labels":{"deployment-tool":"cli-gcloud","firebase-functions-hash":"b9e601e3a77c0cdccc55caf920a83e1b76b00bd9"},"environment":"GEN_2","url":"https://us-central1-vehicle-market-tracker.cloudfunctions.net/ingestVehicles","createTime":"2026-05-01T02:49:17.058833305Z","satisfiesPzi":true}}
[debug] [2026-05-01T02:52:03.880Z] Got source token Cldwcm9qZWN0cy8yMTE3NDAwMzIyOTIvbG9jYXRpb25zL3VzLWNlbnRyYWwxL2J1aWxkcy8wNjgzYTUxZC04ZmEwLTQ3MmYtYWViMS1lNTUxNzJiMDU2MDUSgwF1cy1jZW50cmFsMS1kb2NrZXIucGtnLmRldi92ZWhpY2xlLW1hcmtldC10cmFja2VyL2djZi1hcnRpZmFjdHMvdmVoaWNsZS0tbWFya2V0LS10cmFja2VyX191cy0tY2VudHJhbDFfX2NvbXB1dGVfYW5hbHl0aWNzOnZlcnNpb25fMRik+sHllAYiUHByb2plY3RzL3ZlaGljbGUtbWFya2V0LXRyYWNrZXIvbG9jYXRpb25zL3VzLWNlbnRyYWwxL2Z1bmN0aW9ucy9jb21wdXRlQW5hbHl0aWNzKgwIxarQzwYQuPvSlgMyCG5vZGVqczIwOnYKI2djci5pby9nYWUtcnVudGltZXMvbm9kZWpzMjA6c3RhYmxlEk91cy1jZW50cmFsMS1kb2NrZXIucGtnLmRldi9zZXJ2ZXJsZXNzLXJ1bnRpbWVzL2dvb2dsZS0yMi1mdWxsL3J1bnRpbWVzL25vZGVqczIwQAE= for region us-central1
[info] +  functions[ingestVehicles(us-central1)] Successful update operation. 
[debug] [2026-05-01T02:52:04.149Z] <<< [apiv2][status] GET https://cloudfunctions.googleapis.com/v2/projects/vehicle-market-tracker/locations/us-central1/operations/operation-1777603865080-650b8a6edf24e-8649448a-ee00af38 200
[debug] [2026-05-01T02:52:04.149Z] <<< [apiv2][body] GET https://cloudfunctions.googleapis.com/v2/projects/vehicle-market-tracker/locations/us-central1/operations/operation-1777603865080-650b8a6edf24e-8649448a-ee00af38 {"name":"projects/vehicle-market-tracker/locations/us-central1/operations/operation-1777603865080-650b8a6edf24e-8649448a-ee00af38","metadata":{"@type":"type.googleapis.com/google.cloud.functions.v2.OperationMetadata","createTime":"2026-05-01T02:51:05.959723668Z","target":"projects/vehicle-market-tracker/locations/us-central1/functions/computeAnalytics","verb":"create","cancelRequested":false,"apiVersion":"v2","requestResource":{"@type":"type.googleapis.com/google.cloud.functions.v2.Function","name":"projects/vehicle-market-tracker/locations/us-central1/functions/computeAnalytics","buildConfig":{"runtime":"nodejs20","entryPoint":"computeAnalytics","source":{"storageSource":{"bucket":"gcf-v2-sources-211740032292-us-central1","object":"computeAnalytics/function-source.zip","generation":"1777603865320054"}},"environmentVariables":{"GOOGLE_NODE_RUN_SCRIPTS":""},"serviceAccount":"projects/vehicle-market-tracker/serviceAccounts/211740032292-compute@developer.gserviceaccount.com","automaticUpdatePolicy":{}},"serviceConfig":{"service":"projects/vehicle-market-tracker/locations/us-central1/services/computeanalytics","timeoutSeconds":60,"environmentVariables":{"FIREBASE_CONFIG":"{\"projectId\":\"vehicle-market-tracker\",\"storageBucket\":\"vehicle-market-tracker.firebasestorage.app\"}","GCLOUD_PROJECT":"vehicle-market-tracker","EVENTARC_CLOUD_EVENT_SOURCE":"projects/vehicle-market-tracker/locations/us-central1/services/computeAnalytics","FUNCTION_SIGNATURE_TYPE":"cloudevent","FUNCTION_TARGET":"computeAnalytics","LOG_EXECUTION_ID":"true"},"ingressSettings":"ALLOW_ALL","serviceAccountEmail":"211740032292-compute@developer.gserviceaccount.com","availableMemory":"256Mi","maxInstanceRequestConcurrency":80,"availableCpu":"1"},"eventTrigger":{"trigger":"projects/vehicle-market-tracker/locations/nam5/triggers/computeanalytics-618826","triggerRegion":"nam5","eventType":"google.cloud.firestore.document.v1.written","eventFilters":[{"attribute":"database","value":"(default)"},{"attribute":"namespace","value":"(default)"},{"attribute":"document","value":"price_snapshots/{snapshotId}","operator":"match-path-pattern"}],"serviceAccountEmail":"211740032292-compute@developer.gserviceaccount.com","retryPolicy":"RETRY_POLICY_DO_NOT_RETRY"},"labels":{"deployment-tool":"cli-firebase","firebase-functions-hash":"b9e601e3a77c0cdccc55caf920a83e1b76b00bd9"},"environment":"GEN_2"},"stages":[{"name":"BUILD","message":"Build finished","state":"COMPLETE","resource":"projects/211740032292/locations/us-central1/builds/0683a51d-8fa0-472f-aeb1-e55172b05605","resourceUri":"https://console.cloud.google.com/cloud-build/builds;region=us-central1/0683a51d-8fa0-472f-aeb1-e55172b05605?project=211740032292"},{"name":"SERVICE","message":"Creating Cloud Run service","state":"COMPLETE","resource":"projects/vehicle-market-tracker/locations/us-central1/services/computeanalytics","resourceUri":"https://console.cloud.google.com/run/detail/us-central1/computeanalytics?project=vehicle-market-tracker"},{"name":"TRIGGER","message":"Creating Eventarc trigger","state":"IN_PROGRESS","resource":"projects/vehicle-market-tracker/locations/nam5/triggers/computeanalytics-618826"}],"sourceToken":"Cldwcm9qZWN0cy8yMTE3NDAwMzIyOTIvbG9jYXRpb25zL3VzLWNlbnRyYWwxL2J1aWxkcy8wNjgzYTUxZC04ZmEwLTQ3MmYtYWViMS1lNTUxNzJiMDU2MDUSgwF1cy1jZW50cmFsMS1kb2NrZXIucGtnLmRldi92ZWhpY2xlLW1hcmtldC10cmFja2VyL2djZi1hcnRpZmFjdHMvdmVoaWNsZS0tbWFya2V0LS10cmFja2VyX191cy0tY2VudHJhbDFfX2NvbXB1dGVfYW5hbHl0aWNzOnZlcnNpb25fMRik+sHllAYiUHByb2plY3RzL3ZlaGljbGUtbWFya2V0LXRyYWNrZXIvbG9jYXRpb25zL3VzLWNlbnRyYWwxL2Z1bmN0aW9ucy9jb21wdXRlQW5hbHl0aWNzKgwIxarQzwYQuPvSlgMyCG5vZGVqczIwOnYKI2djci5pby9nYWUtcnVudGltZXMvbm9kZWpzMjA6c3RhYmxlEk91cy1jZW50cmFsMS1kb2NrZXIucGtnLmRldi9zZXJ2ZXJsZXNzLXJ1bnRpbWVzL2dvb2dsZS0yMi1mdWxsL3J1bnRpbWVzL25vZGVqczIwQAE=","operationType":"CREATE_FUNCTION","buildName":"projects/211740032292/locations/us-central1/builds/0683a51d-8fa0-472f-aeb1-e55172b05605"},"done":false}
[debug] [2026-05-01T02:52:04.149Z] Got source token Cldwcm9qZWN0cy8yMTE3NDAwMzIyOTIvbG9jYXRpb25zL3VzLWNlbnRyYWwxL2J1aWxkcy8wNjgzYTUxZC04ZmEwLTQ3MmYtYWViMS1lNTUxNzJiMDU2MDUSgwF1cy1jZW50cmFsMS1kb2NrZXIucGtnLmRldi92ZWhpY2xlLW1hcmtldC10cmFja2VyL2djZi1hcnRpZmFjdHMvdmVoaWNsZS0tbWFya2V0LS10cmFja2VyX191cy0tY2VudHJhbDFfX2NvbXB1dGVfYW5hbHl0aWNzOnZlcnNpb25fMRik+sHllAYiUHByb2plY3RzL3ZlaGljbGUtbWFya2V0LXRyYWNrZXIvbG9jYXRpb25zL3VzLWNlbnRyYWwxL2Z1bmN0aW9ucy9jb21wdXRlQW5hbHl0aWNzKgwIxarQzwYQuPvSlgMyCG5vZGVqczIwOnYKI2djci5pby9nYWUtcnVudGltZXMvbm9kZWpzMjA6c3RhYmxlEk91cy1jZW50cmFsMS1kb2NrZXIucGtnLmRldi9zZXJ2ZXJsZXNzLXJ1bnRpbWVzL2dvb2dsZS0yMi1mdWxsL3J1bnRpbWVzL25vZGVqczIwQAE= for region us-central1
[debug] [2026-05-01T02:52:11.596Z] [create-default-us-central1-ingestPrices] Retrying task index 0
[debug] [2026-05-01T02:52:11.596Z] Checked if tokens are valid: true, expires at: 1777607439737
[debug] [2026-05-01T02:52:11.596Z] Checked if tokens are valid: true, expires at: 1777607439737
[debug] [2026-05-01T02:52:11.596Z] >>> [apiv2][query] GET https://cloudfunctions.googleapis.com/v2/projects/vehicle-market-tracker/locations/us-central1/operations/operation-1777603914380-650b8a9de3335-b77e1cd3-6189eb0a [none]
[debug] [2026-05-01T02:52:12.021Z] <<< [apiv2][status] GET https://cloudfunctions.googleapis.com/v2/projects/vehicle-market-tracker/locations/us-central1/operations/operation-1777603914380-650b8a9de3335-b77e1cd3-6189eb0a 200
[debug] [2026-05-01T02:52:12.021Z] <<< [apiv2][body] GET https://cloudfunctions.googleapis.com/v2/projects/vehicle-market-tracker/locations/us-central1/operations/operation-1777603914380-650b8a9de3335-b77e1cd3-6189eb0a {"name":"projects/vehicle-market-tracker/locations/us-central1/operations/operation-1777603914380-650b8a9de3335-b77e1cd3-6189eb0a","metadata":{"@type":"type.googleapis.com/google.cloud.functions.v2.OperationMetadata","createTime":"2026-05-01T02:51:54.859245034Z","endTime":"2026-05-01T02:52:09.427945609Z","target":"projects/vehicle-market-tracker/locations/us-central1/functions/ingestPrices","verb":"create","cancelRequested":false,"apiVersion":"v2","requestResource":{"@type":"type.googleapis.com/google.cloud.functions.v2.Function","name":"projects/vehicle-market-tracker/locations/us-central1/functions/ingestPrices","buildConfig":{"runtime":"nodejs20","entryPoint":"ingestPrices","source":{"storageSource":{"bucket":"gcf-v2-sources-211740032292-us-central1","object":"ingestPrices/function-source.zip","generation":"1777603914612685"}},"environmentVariables":{"GOOGLE_NODE_RUN_SCRIPTS":""},"sourceToken":"Cldwcm9qZWN0cy8yMTE3NDAwMzIyOTIvbG9jYXRpb25zL3VzLWNlbnRyYWwxL2J1aWxkcy8wNjgzYTUxZC04ZmEwLTQ3MmYtYWViMS1lNTUxNzJiMDU2MDUSgwF1cy1jZW50cmFsMS1kb2NrZXIucGtnLmRldi92ZWhpY2xlLW1hcmtldC10cmFja2VyL2djZi1hcnRpZmFjdHMvdmVoaWNsZS0tbWFya2V0LS10cmFja2VyX191cy0tY2VudHJhbDFfX2NvbXB1dGVfYW5hbHl0aWNzOnZlcnNpb25fMRik+sHllAYiUHByb2plY3RzL3ZlaGljbGUtbWFya2V0LXRyYWNrZXIvbG9jYXRpb25zL3VzLWNlbnRyYWwxL2Z1bmN0aW9ucy9jb21wdXRlQW5hbHl0aWNzKgwIxarQzwYQuPvSlgMyCG5vZGVqczIwOnYKI2djci5pby9nYWUtcnVudGltZXMvbm9kZWpzMjA6c3RhYmxlEk91cy1jZW50cmFsMS1kb2NrZXIucGtnLmRldi9zZXJ2ZXJsZXNzLXJ1bnRpbWVzL2dvb2dsZS0yMi1mdWxsL3J1bnRpbWVzL25vZGVqczIwQAE=","serviceAccount":"projects/vehicle-market-tracker/serviceAccounts/211740032292-compute@developer.gserviceaccount.com","automaticUpdatePolicy":{}},"serviceConfig":{"service":"projects/vehicle-market-tracker/locations/us-central1/services/ingestprices","timeoutSeconds":60,"environmentVariables":{"FIREBASE_CONFIG":"{\"projectId\":\"vehicle-market-tracker\",\"storageBucket\":\"vehicle-market-tracker.firebasestorage.app\"}","GCLOUD_PROJECT":"vehicle-market-tracker","EVENTARC_CLOUD_EVENT_SOURCE":"projects/vehicle-market-tracker/locations/us-central1/services/ingestPrices","FUNCTION_SIGNATURE_TYPE":"cloudevent","FUNCTION_TARGET":"ingestPrices","LOG_EXECUTION_ID":"true"},"ingressSettings":"ALLOW_ALL","serviceAccountEmail":"211740032292-compute@developer.gserviceaccount.com","availableMemory":"256Mi","maxInstanceRequestConcurrency":80,"availableCpu":"1"},"eventTrigger":{"trigger":"projects/vehicle-market-tracker/locations/us-central1/triggers/ingestprices-116418","triggerRegion":"us-central1","eventType":"google.cloud.pubsub.topic.v1.messagePublished","pubsubTopic":"projects/vehicle-market-tracker/topics/price-ingest","serviceAccountEmail":"211740032292-compute@developer.gserviceaccount.com","retryPolicy":"RETRY_POLICY_DO_NOT_RETRY"},"labels":{"deployment-tool":"cli-firebase","firebase-functions-hash":"b9e601e3a77c0cdccc55caf920a83e1b76b00bd9"},"environment":"GEN_2"},"stages":[{"name":"BUILD","message":"Reusing build","state":"COMPLETE","resource":"projects/211740032292/locations/us-central1/builds/0683a51d-8fa0-472f-aeb1-e55172b05605","stateMessages":[{"severity":"WARNING","type":"BuildAnalysisWarning","message":"Node.js 20 is no longer supported by the Node.js community as of 30 April, 2026. Node.js 20 will be deprecated on 2026-04-30. We recommend you to upgrade to the latest version of Node.js as soon as possible."}]},{"name":"SERVICE","message":"Creating Cloud Run service","state":"COMPLETE","resource":"projects/vehicle-market-tracker/locations/us-central1/services/ingestprices","resourceUri":"https://console.cloud.google.com/run/detail/us-central1/ingestprices?project=vehicle-market-tracker"},{"name":"TRIGGER","message":"Creating Eventarc trigger","state":"COMPLETE","resource":"projects/vehicle-market-tracker/locations/us-central1/triggers/ingestprices-116418"}],"sourceToken":"Cldwcm9qZWN0cy8yMTE3NDAwMzIyOTIvbG9jYXRpb25zL3VzLWNlbnRyYWwxL2J1aWxkcy8wNjgzYTUxZC04ZmEwLTQ3MmYtYWViMS1lNTUxNzJiMDU2MDUSgwF1cy1jZW50cmFsMS1kb2NrZXIucGtnLmRldi92ZWhpY2xlLW1hcmtldC10cmFja2VyL2djZi1hcnRpZmFjdHMvdmVoaWNsZS0tbWFya2V0LS10cmFja2VyX191cy0tY2VudHJhbDFfX2NvbXB1dGVfYW5hbHl0aWNzOnZlcnNpb25fMRik+sHllAYiUHByb2plY3RzL3ZlaGljbGUtbWFya2V0LXRyYWNrZXIvbG9jYXRpb25zL3VzLWNlbnRyYWwxL2Z1bmN0aW9ucy9jb21wdXRlQW5hbHl0aWNzKgwIxarQzwYQuPvSlgMyCG5vZGVqczIwOnYKI2djci5pby9nYWUtcnVudGltZXMvbm9kZWpzMjA6c3RhYmxlEk91cy1jZW50cmFsMS1kb2NrZXIucGtnLmRldi9zZXJ2ZXJsZXNzLXJ1bnRpbWVzL2dvb2dsZS0yMi1mdWxsL3J1bnRpbWVzL25vZGVqczIwQAE=","operationType":"CREATE_FUNCTION","buildName":"projects/211740032292/locations/us-central1/builds/0683a51d-8fa0-472f-aeb1-e55172b05605"},"done":true,"response":{"@type":"type.googleapis.com/google.cloud.functions.v2.Function","name":"projects/vehicle-market-tracker/locations/us-central1/functions/ingestPrices","buildConfig":{"build":"projects/211740032292/locations/us-central1/builds/0683a51d-8fa0-472f-aeb1-e55172b05605","runtime":"nodejs20","entryPoint":"ingestPrices","source":{"storageSource":{"bucket":"gcf-v2-sources-211740032292-us-central1","object":"ingestPrices/function-source.zip","generation":"1777603914612685"}},"environmentVariables":{"GOOGLE_NODE_RUN_SCRIPTS":""},"dockerRepository":"projects/vehicle-market-tracker/locations/us-central1/repositories/gcf-artifacts","sourceProvenance":{"resolvedStorageSource":{"bucket":"gcf-v2-sources-211740032292-us-central1","object":"ingestPrices/function-source.zip","generation":"1777603914612685"}},"dockerRegistry":"ARTIFACT_REGISTRY","serviceAccount":"projects/vehicle-market-tracker/serviceAccounts/211740032292-compute@developer.gserviceaccount.com","automaticUpdatePolicy":{}},"serviceConfig":{"service":"projects/vehicle-market-tracker/locations/us-central1/services/ingestprices","timeoutSeconds":60,"environmentVariables":{"FIREBASE_CONFIG":"{\"projectId\":\"vehicle-market-tracker\",\"storageBucket\":\"vehicle-market-tracker.firebasestorage.app\"}","GCLOUD_PROJECT":"vehicle-market-tracker","EVENTARC_CLOUD_EVENT_SOURCE":"projects/vehicle-market-tracker/locations/us-central1/services/ingestPrices","FUNCTION_SIGNATURE_TYPE":"cloudevent","FUNCTION_TARGET":"ingestPrices","LOG_EXECUTION_ID":"true"},"ingressSettings":"ALLOW_ALL","uri":"https://ingestprices-yh4wiiiluq-uc.a.run.app","serviceAccountEmail":"211740032292-compute@developer.gserviceaccount.com","availableMemory":"256Mi","allTrafficOnLatestRevision":true,"revision":"ingestprices-00001-ded","maxInstanceRequestConcurrency":80,"availableCpu":"1"},"eventTrigger":{"trigger":"projects/vehicle-market-tracker/locations/us-central1/triggers/ingestprices-116418","triggerRegion":"us-central1","eventType":"google.cloud.pubsub.topic.v1.messagePublished","pubsubTopic":"projects/vehicle-market-tracker/topics/price-ingest","serviceAccountEmail":"211740032292-compute@developer.gserviceaccount.com","retryPolicy":"RETRY_POLICY_DO_NOT_RETRY"},"state":"ACTIVE","updateTime":"2026-05-01T02:51:54.853688053Z","labels":{"firebase-functions-hash":"b9e601e3a77c0cdccc55caf920a83e1b76b00bd9","deployment-tool":"cli-firebase"},"environment":"GEN_2","url":"https://us-central1-vehicle-market-tracker.cloudfunctions.net/ingestPrices","createTime":"2026-05-01T02:51:54.853688053Z","satisfiesPzi":true}}
[debug] [2026-05-01T02:52:12.021Z] Got source token Cldwcm9qZWN0cy8yMTE3NDAwMzIyOTIvbG9jYXRpb25zL3VzLWNlbnRyYWwxL2J1aWxkcy8wNjgzYTUxZC04ZmEwLTQ3MmYtYWViMS1lNTUxNzJiMDU2MDUSgwF1cy1jZW50cmFsMS1kb2NrZXIucGtnLmRldi92ZWhpY2xlLW1hcmtldC10cmFja2VyL2djZi1hcnRpZmFjdHMvdmVoaWNsZS0tbWFya2V0LS10cmFja2VyX191cy0tY2VudHJhbDFfX2NvbXB1dGVfYW5hbHl0aWNzOnZlcnNpb25fMRik+sHllAYiUHByb2plY3RzL3ZlaGljbGUtbWFya2V0LXRyYWNrZXIvbG9jYXRpb25zL3VzLWNlbnRyYWwxL2Z1bmN0aW9ucy9jb21wdXRlQW5hbHl0aWNzKgwIxarQzwYQuPvSlgMyCG5vZGVqczIwOnYKI2djci5pby9nYWUtcnVudGltZXMvbm9kZWpzMjA6c3RhYmxlEk91cy1jZW50cmFsMS1kb2NrZXIucGtnLmRldi9zZXJ2ZXJsZXNzLXJ1bnRpbWVzL2dvb2dsZS0yMi1mdWxsL3J1bnRpbWVzL25vZGVqczIwQAE= for region us-central1
[info] +  functions[ingestPrices(us-central1)] Successful create operation. 
[debug] [2026-05-01T02:52:14.160Z] [create-default-us-central1-computeAnalytics] Retrying task index 0
[debug] [2026-05-01T02:52:14.160Z] Checked if tokens are valid: true, expires at: 1777607439737
[debug] [2026-05-01T02:52:14.160Z] Checked if tokens are valid: true, expires at: 1777607439737
[debug] [2026-05-01T02:52:14.160Z] >>> [apiv2][query] GET https://cloudfunctions.googleapis.com/v2/projects/vehicle-market-tracker/locations/us-central1/operations/operation-1777603865080-650b8a6edf24e-8649448a-ee00af38 [none]
[debug] [2026-05-01T02:52:14.443Z] <<< [apiv2][status] GET https://cloudfunctions.googleapis.com/v2/projects/vehicle-market-tracker/locations/us-central1/operations/operation-1777603865080-650b8a6edf24e-8649448a-ee00af38 200
[debug] [2026-05-01T02:52:14.443Z] <<< [apiv2][body] GET https://cloudfunctions.googleapis.com/v2/projects/vehicle-market-tracker/locations/us-central1/operations/operation-1777603865080-650b8a6edf24e-8649448a-ee00af38 {"name":"projects/vehicle-market-tracker/locations/us-central1/operations/operation-1777603865080-650b8a6edf24e-8649448a-ee00af38","metadata":{"@type":"type.googleapis.com/google.cloud.functions.v2.OperationMetadata","createTime":"2026-05-01T02:51:05.959723668Z","endTime":"2026-05-01T02:52:08.602052512Z","target":"projects/vehicle-market-tracker/locations/us-central1/functions/computeAnalytics","verb":"create","cancelRequested":false,"apiVersion":"v2","requestResource":{"@type":"type.googleapis.com/google.cloud.functions.v2.Function","name":"projects/vehicle-market-tracker/locations/us-central1/functions/computeAnalytics","buildConfig":{"runtime":"nodejs20","entryPoint":"computeAnalytics","source":{"storageSource":{"bucket":"gcf-v2-sources-211740032292-us-central1","object":"computeAnalytics/function-source.zip","generation":"1777603865320054"}},"environmentVariables":{"GOOGLE_NODE_RUN_SCRIPTS":""},"serviceAccount":"projects/vehicle-market-tracker/serviceAccounts/211740032292-compute@developer.gserviceaccount.com","automaticUpdatePolicy":{}},"serviceConfig":{"service":"projects/vehicle-market-tracker/locations/us-central1/services/computeanalytics","timeoutSeconds":60,"environmentVariables":{"FIREBASE_CONFIG":"{\"projectId\":\"vehicle-market-tracker\",\"storageBucket\":\"vehicle-market-tracker.firebasestorage.app\"}","GCLOUD_PROJECT":"vehicle-market-tracker","EVENTARC_CLOUD_EVENT_SOURCE":"projects/vehicle-market-tracker/locations/us-central1/services/computeAnalytics","FUNCTION_SIGNATURE_TYPE":"cloudevent","FUNCTION_TARGET":"computeAnalytics","LOG_EXECUTION_ID":"true"},"ingressSettings":"ALLOW_ALL","serviceAccountEmail":"211740032292-compute@developer.gserviceaccount.com","availableMemory":"256Mi","maxInstanceRequestConcurrency":80,"availableCpu":"1"},"eventTrigger":{"trigger":"projects/vehicle-market-tracker/locations/nam5/triggers/computeanalytics-618826","triggerRegion":"nam5","eventType":"google.cloud.firestore.document.v1.written","eventFilters":[{"attribute":"database","value":"(default)"},{"attribute":"namespace","value":"(default)"},{"attribute":"document","value":"price_snapshots/{snapshotId}","operator":"match-path-pattern"}],"serviceAccountEmail":"211740032292-compute@developer.gserviceaccount.com","retryPolicy":"RETRY_POLICY_DO_NOT_RETRY"},"labels":{"deployment-tool":"cli-firebase","firebase-functions-hash":"b9e601e3a77c0cdccc55caf920a83e1b76b00bd9"},"environment":"GEN_2"},"stages":[{"name":"BUILD","message":"Build finished","state":"COMPLETE","resource":"projects/211740032292/locations/us-central1/builds/0683a51d-8fa0-472f-aeb1-e55172b05605","resourceUri":"https://console.cloud.google.com/cloud-build/builds;region=us-central1/0683a51d-8fa0-472f-aeb1-e55172b05605?project=211740032292"},{"name":"SERVICE","message":"Creating Cloud Run service","state":"COMPLETE","resource":"projects/vehicle-market-tracker/locations/us-central1/services/computeanalytics","resourceUri":"https://console.cloud.google.com/run/detail/us-central1/computeanalytics?project=vehicle-market-tracker"},{"name":"TRIGGER","message":"Creating Eventarc trigger","state":"COMPLETE","resource":"projects/vehicle-market-tracker/locations/nam5/triggers/computeanalytics-618826"}],"sourceToken":"Cldwcm9qZWN0cy8yMTE3NDAwMzIyOTIvbG9jYXRpb25zL3VzLWNlbnRyYWwxL2J1aWxkcy8wNjgzYTUxZC04ZmEwLTQ3MmYtYWViMS1lNTUxNzJiMDU2MDUSgwF1cy1jZW50cmFsMS1kb2NrZXIucGtnLmRldi92ZWhpY2xlLW1hcmtldC10cmFja2VyL2djZi1hcnRpZmFjdHMvdmVoaWNsZS0tbWFya2V0LS10cmFja2VyX191cy0tY2VudHJhbDFfX2NvbXB1dGVfYW5hbHl0aWNzOnZlcnNpb25fMRik+sHllAYiUHByb2plY3RzL3ZlaGljbGUtbWFya2V0LXRyYWNrZXIvbG9jYXRpb25zL3VzLWNlbnRyYWwxL2Z1bmN0aW9ucy9jb21wdXRlQW5hbHl0aWNzKgwIxarQzwYQuPvSlgMyCG5vZGVqczIwOnYKI2djci5pby9nYWUtcnVudGltZXMvbm9kZWpzMjA6c3RhYmxlEk91cy1jZW50cmFsMS1kb2NrZXIucGtnLmRldi9zZXJ2ZXJsZXNzLXJ1bnRpbWVzL2dvb2dsZS0yMi1mdWxsL3J1bnRpbWVzL25vZGVqczIwQAE=","operationType":"CREATE_FUNCTION","buildName":"projects/211740032292/locations/us-central1/builds/0683a51d-8fa0-472f-aeb1-e55172b05605"},"done":true,"response":{"@type":"type.googleapis.com/google.cloud.functions.v2.Function","name":"projects/vehicle-market-tracker/locations/us-central1/functions/computeAnalytics","buildConfig":{"build":"projects/211740032292/locations/us-central1/builds/0683a51d-8fa0-472f-aeb1-e55172b05605","runtime":"nodejs20","entryPoint":"computeAnalytics","source":{"storageSource":{"bucket":"gcf-v2-sources-211740032292-us-central1","object":"computeAnalytics/function-source.zip","generation":"1777603865320054"}},"environmentVariables":{"GOOGLE_NODE_RUN_SCRIPTS":""},"dockerRepository":"projects/vehicle-market-tracker/locations/us-central1/repositories/gcf-artifacts","sourceProvenance":{"resolvedStorageSource":{"bucket":"gcf-v2-sources-211740032292-us-central1","object":"computeAnalytics/function-source.zip","generation":"1777603865320054"}},"dockerRegistry":"ARTIFACT_REGISTRY","serviceAccount":"projects/vehicle-market-tracker/serviceAccounts/211740032292-compute@developer.gserviceaccount.com","automaticUpdatePolicy":{}},"serviceConfig":{"service":"projects/vehicle-market-tracker/locations/us-central1/services/computeanalytics","timeoutSeconds":60,"environmentVariables":{"FIREBASE_CONFIG":"{\"projectId\":\"vehicle-market-tracker\",\"storageBucket\":\"vehicle-market-tracker.firebasestorage.app\"}","GCLOUD_PROJECT":"vehicle-market-tracker","EVENTARC_CLOUD_EVENT_SOURCE":"projects/vehicle-market-tracker/locations/us-central1/services/computeAnalytics","FUNCTION_SIGNATURE_TYPE":"cloudevent","FUNCTION_TARGET":"computeAnalytics","LOG_EXECUTION_ID":"true"},"ingressSettings":"ALLOW_ALL","uri":"https://computeanalytics-yh4wiiiluq-uc.a.run.app","serviceAccountEmail":"211740032292-compute@developer.gserviceaccount.com","availableMemory":"256Mi","allTrafficOnLatestRevision":true,"revision":"computeanalytics-00001-vom","maxInstanceRequestConcurrency":80,"availableCpu":"1"},"eventTrigger":{"trigger":"projects/vehicle-market-tracker/locations/nam5/triggers/computeanalytics-618826","triggerRegion":"nam5","eventType":"google.cloud.firestore.document.v1.written","eventFilters":[{"attribute":"document","value":"price_snapshots/{snapshotId}","operator":"match-path-pattern"},{"attribute":"database","value":"(default)"},{"attribute":"namespace","value":"(default)"}],"pubsubTopic":"projects/vehicle-market-tracker/topics/eventarc-nam5-computeanalytics-618826-087","serviceAccountEmail":"211740032292-compute@developer.gserviceaccount.com","retryPolicy":"RETRY_POLICY_DO_NOT_RETRY"},"state":"ACTIVE","updateTime":"2026-05-01T02:51:05.952339335Z","labels":{"firebase-functions-hash":"b9e601e3a77c0cdccc55caf920a83e1b76b00bd9","deployment-tool":"cli-firebase"},"environment":"GEN_2","url":"https://us-central1-vehicle-market-tracker.cloudfunctions.net/computeAnalytics","createTime":"2026-05-01T02:51:05.952339335Z","satisfiesPzi":true}}
[debug] [2026-05-01T02:52:14.443Z] Got source token Cldwcm9qZWN0cy8yMTE3NDAwMzIyOTIvbG9jYXRpb25zL3VzLWNlbnRyYWwxL2J1aWxkcy8wNjgzYTUxZC04ZmEwLTQ3MmYtYWViMS1lNTUxNzJiMDU2MDUSgwF1cy1jZW50cmFsMS1kb2NrZXIucGtnLmRldi92ZWhpY2xlLW1hcmtldC10cmFja2VyL2djZi1hcnRpZmFjdHMvdmVoaWNsZS0tbWFya2V0LS10cmFja2VyX191cy0tY2VudHJhbDFfX2NvbXB1dGVfYW5hbHl0aWNzOnZlcnNpb25fMRik+sHllAYiUHByb2plY3RzL3ZlaGljbGUtbWFya2V0LXRyYWNrZXIvbG9jYXRpb25zL3VzLWNlbnRyYWwxL2Z1bmN0aW9ucy9jb21wdXRlQW5hbHl0aWNzKgwIxarQzwYQuPvSlgMyCG5vZGVqczIwOnYKI2djci5pby9nYWUtcnVudGltZXMvbm9kZWpzMjA6c3RhYmxlEk91cy1jZW50cmFsMS1kb2NrZXIucGtnLmRldi9zZXJ2ZXJsZXNzLXJ1bnRpbWVzL2dvb2dsZS0yMi1mdWxsL3J1bnRpbWVzL25vZGVqczIwQAE= for region us-central1
[info] +  functions[computeAnalytics(us-central1)] Successful create operation. 
[debug] [2026-05-01T02:52:14.443Z] Total Function Deployment time: 69799
[debug] [2026-05-01T02:52:14.444Z] 3 Functions Deployed
[debug] [2026-05-01T02:52:14.444Z] 0 Functions Errored
[debug] [2026-05-01T02:52:14.444Z] 0 Function Deployments Aborted
[debug] [2026-05-01T02:52:14.444Z] Average Function Deployment time: 65470
[debug] [2026-05-01T02:52:14.444Z] Checked if tokens are valid: true, expires at: 1777607439737
[debug] [2026-05-01T02:52:14.444Z] Checked if tokens are valid: true, expires at: 1777607439737
[debug] [2026-05-01T02:52:14.444Z] >>> [apiv2][query] GET https://artifactregistry.googleapis.com/v1/projects/vehicle-market-tracker/locations/us-central1/repositories/gcf-artifacts [none]
[debug] [2026-05-01T02:52:14.847Z] <<< [apiv2][status] GET https://artifactregistry.googleapis.com/v1/projects/vehicle-market-tracker/locations/us-central1/repositories/gcf-artifacts 200
[debug] [2026-05-01T02:52:14.848Z] <<< [apiv2][body] GET https://artifactregistry.googleapis.com/v1/projects/vehicle-market-tracker/locations/us-central1/repositories/gcf-artifacts {"name":"projects/vehicle-market-tracker/locations/us-central1/repositories/gcf-artifacts","format":"DOCKER","description":"This repository is created and used by Cloud Functions for storing function docker images.","labels":{"goog-managed-by":"cloudfunctions"},"createTime":"2026-05-01T02:49:17.868456Z","updateTime":"2026-05-01T02:51:43.670520Z","mode":"STANDARD_REPOSITORY","sizeBytes":"132655325","vulnerabilityScanningConfig":{"lastEnableTime":"2026-05-01T02:49:17.234106117Z","enablementState":"SCANNING_DISABLED","enablementStateReason":"API containerscanning.googleapis.com is not enabled."},"satisfiesPzi":true,"registryUri":"us-central1-docker.pkg.dev/vehicle-market-tracker/gcf-artifacts"}
[warn] !  functions: No cleanup policy detected for repositories in us-central1. This may result in a small monthly bill as container images accumulate over time. 
